store_id,observed_date,temperature_c,rainfall_mm,humidity_pct,wind_speed_kmh,weather_code,source
S001,2026-06-01,33.1,0.0,57,11.2,2,dummy_fallback
S002,2026-06-01,31.9,0.0,60,15.7,2,dummy_fallback
S003,2026-06-01,30.8,0.0,79,7.2,2,dummy_fallback
S004,2026-06-01,32.2,0.0,61,6.5,2,dummy_fallback
S005,2026-06-01,32.0,0.0,58,14.5,2,dummy_fallback
S006,2026-06-01,35.0,0.0,56,12.1,2,dummy_fallback
S001,2026-06-02,34.6,1.4,35,11.8,80,dummy_fallback
S002,2026-06-02,29.4,0.0,46,15.9,3,dummy_fallback
S003,2026-06-02,29.7,0.0,61,6.4,1,dummy_fallback
S004,2026-06-02,31.0,0.0,28,11.7,0,dummy_fallback
S005,2026-06-02,31.8,0.0,61,10.8,3,dummy_fallback
S006,2026-06-02,33.2,0.0,45,16.3,2,dummy_fallback
S001,2026-06-03,34.5,0.0,66,15.2,3,dummy_fallback
S002,2026-06-03,31.8,0.0,58,3.5,0,dummy_fallback
S003,2026-06-03,31.4,0.0,88,5.1,0,dummy_fallback
S004,2026-06-03,31.5,0.0,79,9.1,1,dummy_fallback
S005,2026-06-03,35.0,0.0,64,10.8,2,dummy_fallback
S006,2026-06-03,35.1,0.0,28,9.0,0,dummy_fallback
S001,2026-06-04,32.2,0.0,60,15.5,1,dummy_fallback
S002,2026-06-04,29.3,0.0,82,13.6,2,dummy_fallback
S003,2026-06-04,30.3,0.0,48,9.5,3,dummy_fallback
S004,2026-06-04,29.1,0.0,45,7.9,1,dummy_fallback
S005,2026-06-04,32.3,0.0,41,9.2,3,dummy_fallback
S006,2026-06-04,34.0,0.0,39,9.5,1,dummy_fallback
S001,2026-06-05,31.8,0.0,72,6.3,2,dummy_fallback
S002,2026-06-05,32.7,0.0,67,5.3,0,dummy_fallback
S003,2026-06-05,30.9,0.0,53,9.2,3,dummy_fallback
S004,2026-06-05,30.6,0.0,46,2.8,2,dummy_fallback
S005,2026-06-05,33.7,2.0,70,9.0,0,dummy_fallback
S006,2026-06-05,34.6,1.6,43,7.1,1,dummy_fallback
S001,2026-06-06,35.8,0.0,69,2.5,3,dummy_fallback
S002,2026-06-06,32.1,0.0,43,9.2,2,dummy_fallback
S003,2026-06-06,30.5,0.0,38,15.7,0,dummy_fallback
S004,2026-06-06,29.0,0.0,79,15.3,1,dummy_fallback
S005,2026-06-06,35.0,0.0,43,14.8,3,dummy_fallback
S006,2026-06-06,35.4,0.0,51,10.3,0,dummy_fallback
S001,2026-06-07,34.0,0.0,46,11.2,0,dummy_fallback
S002,2026-06-07,31.6,0.0,72,8.7,2,dummy_fallback
S003,2026-06-07,30.3,0.0,60,12.5,3,dummy_fallback
S004,2026-06-07,29.4,0.9,64,4.9,51,dummy_fallback
S005,2026-06-07,34.0,0.0,56,7.7,1,dummy_fallback
S006,2026-06-07,35.6,0.0,54,8.1,0,dummy_fallback
S001,2026-06-08,32.4,6.3,71,17.9,51,dummy_fallback
S002,2026-06-08,30.4,0.0,79,16.7,3,dummy_fallback
S003,2026-06-08,27.7,0.0,77,14.9,2,dummy_fallback
S004,2026-06-08,29.9,0.0,38,4.5,2,dummy_fallback
S005,2026-06-08,34.4,0.0,64,16.6,3,dummy_fallback
S006,2026-06-08,34.1,0.0,52,10.8,0,dummy_fallback
S001,2026-06-09,35.1,0.0,53,10.1,2,dummy_fallback
S002,2026-06-09,29.6,0.0,56,7.8,3,dummy_fallback
S003,2026-06-09,28.0,0.0,70,12.8,3,dummy_fallback
S004,2026-06-09,28.8,0.0,67,16.4,2,dummy_fallback
S005,2026-06-09,34.4,0.0,64,16.5,2,dummy_fallback
S006,2026-06-09,37.6,0.0,43,5.4,2,dummy_fallback
S001,2026-06-10,32.8,0.0,56,11.6,2,dummy_fallback
S002,2026-06-10,30.9,0.0,42,14.9,3,dummy_fallback
S003,2026-06-10,31.9,0.0,81,8.8,0,dummy_fallback
S004,2026-06-10,29.6,0.0,55,1.2,2,dummy_fallback
S005,2026-06-10,32.2,0.0,36,9.7,3,dummy_fallback
S006,2026-06-10,34.5,0.0,66,10.5,1,dummy_fallback
S001,2026-06-11,35.0,0.0,60,7.5,0,dummy_fallback
S002,2026-06-11,30.8,0.0,70,9.0,3,dummy_fallback
S003,2026-06-11,30.2,0.0,34,13.7,3,dummy_fallback
S004,2026-06-11,31.6,2.4,53,11.3,0,dummy_fallback
S005,2026-06-11,34.8,0.0,62,7.6,2,dummy_fallback
S006,2026-06-11,38.0,0.0,49,7.0,0,dummy_fallback
S001,2026-06-12,35.7,0.0,61,7.6,3,dummy_fallback
S002,2026-06-12,32.4,0.0,53,14.8,0,dummy_fallback
S003,2026-06-12,30.6,0.0,63,15.7,1,dummy_fallback
S004,2026-06-12,30.1,0.0,56,18.8,2,dummy_fallback
S005,2026-06-12,34.0,2.7,33,11.6,2,dummy_fallback
S006,2026-06-12,38.1,0.0,61,15.7,3,dummy_fallback
S001,2026-06-13,36.0,0.0,63,17.8,2,dummy_fallback
S002,2026-06-13,30.5,0.0,49,9.3,3,dummy_fallback
S003,2026-06-13,30.9,0.0,88,15.2,2,dummy_fallback
S004,2026-06-13,31.6,0.0,40,10.8,1,dummy_fallback
S005,2026-06-13,34.8,0.0,76,3.2,1,dummy_fallback
S006,2026-06-13,37.2,0.0,37,13.0,2,dummy_fallback
S001,2026-06-14,34.1,1.0,46,17.8,3,dummy_fallback
S002,2026-06-14,31.5,0.0,50,14.5,1,dummy_fallback
S003,2026-06-14,30.7,0.0,78,12.3,1,dummy_fallback
S004,2026-06-14,33.4,0.0,52,11.5,1,dummy_fallback
S005,2026-06-14,36.4,0.0,43,5.7,1,dummy_fallback
S006,2026-06-14,37.7,0.0,40,7.2,1,dummy_fallback
S001,2026-06-15,35.8,0.0,80,11.5,0,dummy_fallback
S002,2026-06-15,30.6,0.0,56,13.8,1,dummy_fallback
S003,2026-06-15,31.1,0.0,80,14.0,0,dummy_fallback
S004,2026-06-15,31.5,0.0,36,6.8,2,dummy_fallback
S005,2026-06-15,36.6,0.0,52,10.3,0,dummy_fallback
S006,2026-06-15,37.0,0.0,73,13.1,2,dummy_fallback
S001,2026-06-16,35.5,0.0,63,13.1,3,dummy_fallback
S002,2026-06-16,32.1,0.0,59,10.1,0,dummy_fallback
S003,2026-06-16,29.9,2.6,64,6.5,2,dummy_fallback
S004,2026-06-16,31.5,0.0,51,10.3,3,dummy_fallback
S005,2026-06-16,33.8,0.0,59,9.7,3,dummy_fallback
S006,2026-06-16,37.4,0.0,47,4.2,2,dummy_fallback
S001,2026-06-17,34.3,0.0,56,12.9,3,dummy_fallback
S002,2026-06-17,33.1,0.0,48,12.6,2,dummy_fallback
S003,2026-06-17,30.2,0.0,66,8.4,2,dummy_fallback
S004,2026-06-17,30.0,0.0,40,9.1,1,dummy_fallback
S005,2026-06-17,32.6,0.0,56,6.1,3,dummy_fallback
S006,2026-06-17,36.3,4.3,52,5.4,0,dummy_fallback
S001,2026-06-18,34.2,0.0,52,18.1,3,dummy_fallback
S002,2026-06-18,33.6,0.0,65,11.6,2,dummy_fallback
S003,2026-06-18,32.2,0.0,47,13.6,1,dummy_fallback
S004,2026-06-18,31.6,0.0,49,16.3,1,dummy_fallback
S005,2026-06-18,33.0,0.0,52,13.3,1,dummy_fallback
S006,2026-06-18,34.8,0.5,48,14.3,61,dummy_fallback
S001,2026-06-19,35.8,0.0,63,12.7,1,dummy_fallback
S002,2026-06-19,30.5,0.0,69,12.7,0,dummy_fallback
S003,2026-06-19,32.8,0.0,60,14.5,2,dummy_fallback
S004,2026-06-19,32.2,0.0,55,12.6,1,dummy_fallback
S005,2026-06-19,36.0,0.0,50,9.7,1,dummy_fallback
S006,2026-06-19,34.8,0.0,56,12.2,2,dummy_fallback
S001,2026-06-20,36.4,0.0,67,4.8,0,dummy_fallback
S002,2026-06-20,33.8,3.9,59,11.0,80,dummy_fallback
S003,2026-06-20,30.1,0.0,76,14.9,0,dummy_fallback
S004,2026-06-20,31.3,0.0,85,2.6,2,dummy_fallback
S005,2026-06-20,35.2,1.9,53,15.4,51,dummy_fallback
S006,2026-06-20,36.2,0.0,44,9.3,2,dummy_fallback
S001,2026-06-21,33.9,0.0,58,14.6,0,dummy_fallback
S002,2026-06-21,30.5,0.0,47,13.4,1,dummy_fallback
S003,2026-06-21,31.5,1.7,51,6.7,0,dummy_fallback
S004,2026-06-21,31.0,0.0,51,6.8,1,dummy_fallback
S005,2026-06-21,34.7,0.0,60,11.0,0,dummy_fallback
S006,2026-06-21,36.3,0.0,55,18.2,0,dummy_fallback
S001,2026-06-22,33.1,0.0,56,19.6,3,dummy_fallback
S002,2026-06-22,31.8,2.6,59,8.8,51,dummy_fallback
S003,2026-06-22,32.8,0.0,48,12.3,3,dummy_fallback
S004,2026-06-22,31.1,0.0,73,13.4,3,dummy_fallback
S005,2026-06-22,35.8,0.0,30,5.2,1,dummy_fallback
S006,2026-06-22,35.2,0.7,46,16.9,2,dummy_fallback
S001,2026-06-23,33.8,0.0,49,12.8,0,dummy_fallback
S002,2026-06-23,33.8,0.0,52,10.7,0,dummy_fallback
S003,2026-06-23,32.9,0.0,49,4.3,0,dummy_fallback
S004,2026-06-23,31.2,0.0,57,15.9,1,dummy_fallback
S005,2026-06-23,36.1,0.0,48,16.9,2,dummy_fallback
S006,2026-06-23,37.4,0.2,36,12.0,0,dummy_fallback
S001,2026-06-24,34.8,0.0,62,10.2,0,dummy_fallback
S002,2026-06-24,31.6,1.2,47,9.5,2,dummy_fallback
S003,2026-06-24,31.9,0.0,69,8.5,3,dummy_fallback
S004,2026-06-24,32.1,0.0,74,7.9,3,dummy_fallback
S005,2026-06-24,35.1,0.0,47,18.4,2,dummy_fallback
S006,2026-06-24,38.4,0.0,46,7.2,3,dummy_fallback
S001,2026-06-25,34.6,0.0,37,9.7,0,dummy_fallback
S002,2026-06-25,32.3,2.4,71,7.3,1,dummy_fallback
S003,2026-06-25,32.0,2.4,56,13.8,80,dummy_fallback
S004,2026-06-25,30.5,0.0,50,4.8,3,dummy_fallback
S005,2026-06-25,33.5,0.0,51,10.0,1,dummy_fallback
S006,2026-06-25,38.0,1.9,63,8.0,2,dummy_fallback
S001,2026-06-26,36.6,0.0,61,15.4,2,dummy_fallback
S002,2026-06-26,34.2,0.0,57,9.9,1,dummy_fallback
S003,2026-06-26,32.4,0.0,67,7.3,2,dummy_fallback
S004,2026-06-26,31.1,0.0,49,15.6,0,dummy_fallback
S005,2026-06-26,35.1,0.0,52,12.7,0,dummy_fallback
S006,2026-06-26,35.1,0.0,37,17.7,3,dummy_fallback
S001,2026-06-27,35.8,0.0,76,13.2,3,dummy_fallback
S002,2026-06-27,30.2,4.2,53,9.7,0,dummy_fallback
S003,2026-06-27,32.8,0.0,63,10.3,1,dummy_fallback
S004,2026-06-27,31.6,0.0,73,12.0,3,dummy_fallback
S005,2026-06-27,33.8,0.0,65,15.5,2,dummy_fallback
S006,2026-06-27,36.5,0.0,44,13.2,0,dummy_fallback
S001,2026-06-28,37.3,4.4,57,3.7,51,dummy_fallback
S002,2026-06-28,34.1,0.0,35,8.1,3,dummy_fallback
S003,2026-06-28,33.2,0.0,76,7.9,1,dummy_fallback
S004,2026-06-28,30.6,0.0,39,21.1,3,dummy_fallback
S005,2026-06-28,35.4,0.0,51,11.5,3,dummy_fallback
S006,2026-06-28,39.0,0.0,40,10.0,3,dummy_fallback
S001,2026-06-29,36.6,0.0,60,4.2,2,dummy_fallback
S002,2026-06-29,31.9,0.3,42,6.2,80,dummy_fallback
S003,2026-06-29,30.3,0.0,82,14.8,3,dummy_fallback
S004,2026-06-29,34.1,0.0,40,9.8,2,dummy_fallback
S005,2026-06-29,37.2,0.0,46,10.1,2,dummy_fallback
S006,2026-06-29,35.1,0.0,66,6.8,2,dummy_fallback
S001,2026-06-30,37.3,0.0,40,6.8,2,dummy_fallback
S002,2026-06-30,31.5,0.0,36,7.3,3,dummy_fallback
S003,2026-06-30,32.8,0.0,35,6.6,1,dummy_fallback
S004,2026-06-30,32.1,2.2,52,14.6,61,dummy_fallback
S005,2026-06-30,36.9,0.0,62,8.4,1,dummy_fallback
S006,2026-06-30,37.1,0.0,28,5.3,3,dummy_fallback
S001,2026-07-01,33.1,0.0,72,8.6,2,dummy_fallback
S002,2026-07-01,33.0,0.0,60,7.8,0,dummy_fallback
S003,2026-07-01,30.0,0.0,28,10.0,1,dummy_fallback
S004,2026-07-01,32.6,0.0,52,6.9,1,dummy_fallback
S005,2026-07-01,36.1,0.0,48,7.2,0,dummy_fallback
S006,2026-07-01,36.7,0.0,69,6.7,2,dummy_fallback
S001,2026-07-02,36.5,0.0,43,14.4,0,dummy_fallback
S002,2026-07-02,32.0,0.0,55,11.6,2,dummy_fallback
S003,2026-07-02,30.2,0.0,77,12.8,3,dummy_fallback
S004,2026-07-02,30.3,0.0,71,11.1,3,dummy_fallback
S005,2026-07-02,36.5,0.0,69,8.9,3,dummy_fallback
S006,2026-07-02,38.9,0.0,55,13.0,1,dummy_fallback
S001,2026-07-03,37.1,0.0,53,12.6,0,dummy_fallback
S002,2026-07-03,33.2,0.0,55,6.9,1,dummy_fallback
S003,2026-07-03,32.5,0.0,43,13.5,3,dummy_fallback
S004,2026-07-03,33.5,0.0,66,9.3,2,dummy_fallback
S005,2026-07-03,33.6,0.0,59,9.2,3,dummy_fallback
S006,2026-07-03,37.4,0.0,50,16.5,3,dummy_fallback
S001,2026-07-04,34.0,0.0,38,16.5,1,dummy_fallback
S002,2026-07-04,31.8,0.0,79,13.7,1,dummy_fallback
S003,2026-07-04,30.0,0.0,81,10.1,1,dummy_fallback
S004,2026-07-04,31.2,0.0,68,9.8,3,dummy_fallback
S005,2026-07-04,36.8,0.0,75,17.0,3,dummy_fallback
S006,2026-07-04,36.0,0.0,58,7.2,1,dummy_fallback
S001,2026-07-05,35.5,0.0,58,11.7,0,dummy_fallback
S002,2026-07-05,33.8,0.0,36,11.2,0,dummy_fallback
S003,2026-07-05,30.3,0.0,44,13.7,2,dummy_fallback
S004,2026-07-05,29.9,0.0,60,8.8,0,dummy_fallback
S005,2026-07-05,35.1,0.0,57,14.3,0,dummy_fallback
S006,2026-07-05,38.0,1.4,50,13.9,0,dummy_fallback
S001,2026-07-06,36.8,0.0,65,7.1,1,dummy_fallback
S002,2026-07-06,30.2,0.0,47,11.4,0,dummy_fallback
S003,2026-07-06,29.1,0.0,49,11.3,2,dummy_fallback
S004,2026-07-06,32.5,0.0,79,8.4,1,dummy_fallback
S005,2026-07-06,35.9,0.0,38,6.0,1,dummy_fallback
S006,2026-07-06,35.5,0.0,52,15.1,1,dummy_fallback
S001,2026-07-07,34.7,0.0,41,6.5,0,dummy_fallback
S002,2026-07-07,32.9,1.4,56,11.6,1,dummy_fallback
S003,2026-07-07,32.1,0.0,48,14.5,0,dummy_fallback
S004,2026-07-07,31.7,2.6,59,15.9,2,dummy_fallback
S005,2026-07-07,35.9,0.0,51,21.3,0,dummy_fallback
S006,2026-07-07,35.3,0.0,64,8.0,3,dummy_fallback
S001,2026-07-08,36.5,0.0,50,16.3,2,dummy_fallback
S002,2026-07-08,32.5,0.0,51,11.5,0,dummy_fallback
S003,2026-07-08,32.4,0.0,68,10.4,1,dummy_fallback
S004,2026-07-08,32.0,0.7,57,12.1,0,dummy_fallback
S005,2026-07-08,34.7,0.0,31,10.3,0,dummy_fallback
S006,2026-07-08,38.0,0.0,46,7.7,1,dummy_fallback
S001,2026-07-09,35.4,0.0,48,8.8,0,dummy_fallback
S002,2026-07-09,31.7,1.6,63,5.6,80,dummy_fallback
S003,2026-07-09,31.2,0.9,82,12.0,80,dummy_fallback
S004,2026-07-09,31.8,0.0,82,13.1,1,dummy_fallback
S005,2026-07-09,34.7,0.0,72,15.6,0,dummy_fallback
S006,2026-07-09,35.4,1.4,44,13.3,0,dummy_fallback
S001,2026-07-10,36.2,2.7,48,11.6,2,dummy_fallback
S002,2026-07-10,29.9,0.0,60,16.5,2,dummy_fallback
S003,2026-07-10,29.2,2.6,76,10.3,80,dummy_fallback
S004,2026-07-10,29.7,2.8,47,9.9,80,dummy_fallback
S005,2026-07-10,35.8,0.0,41,9.6,2,dummy_fallback
S006,2026-07-10,35.6,0.1,59,12.6,0,dummy_fallback
S001,2026-07-11,33.4,0.0,30,16.4,2,dummy_fallback
S002,2026-07-11,31.5,0.0,59,12.4,1,dummy_fallback
S003,2026-07-11,32.8,0.0,53,12.9,2,dummy_fallback
S004,2026-07-11,29.6,0.0,65,4.0,2,dummy_fallback
S005,2026-07-11,35.1,0.0,56,14.6,2,dummy_fallback
S006,2026-07-11,37.6,6.5,28,11.4,2,dummy_fallback
S001,2026-07-12,33.9,0.0,62,7.8,0,dummy_fallback
S002,2026-07-12,33.1,0.0,48,14.8,2,dummy_fallback
S003,2026-07-12,32.3,0.0,51,14.9,3,dummy_fallback
S004,2026-07-12,30.2,0.0,49,14.6,1,dummy_fallback
S005,2026-07-12,36.4,0.0,47,11.2,2,dummy_fallback
S006,2026-07-12,36.9,0.0,28,13.4,3,dummy_fallback
S001,2026-07-13,35.0,0.0,62,12.9,1,dummy_fallback
S002,2026-07-13,30.9,0.0,39,8.4,1,dummy_fallback
S003,2026-07-13,29.5,0.5,63,13.4,80,dummy_fallback
S004,2026-07-13,31.4,2.2,64,8.8,61,dummy_fallback
S005,2026-07-13,33.4,0.0,56,13.4,2,dummy_fallback
S006,2026-07-13,35.9,0.0,46,13.7,3,dummy_fallback
S001,2026-07-14,33.5,0.0,49,16.4,2,dummy_fallback
S002,2026-07-14,31.1,0.0,34,12.5,2,dummy_fallback
S003,2026-07-14,29.6,0.0,45,16.2,3,dummy_fallback
S004,2026-07-14,29.7,0.0,65,4.9,3,dummy_fallback
S005,2026-07-14,36.5,5.1,56,6.7,80,dummy_fallback
S006,2026-07-14,38.2,0.0,31,10.1,0,dummy_fallback
S001,2026-07-15,36.3,0.0,52,7.3,1,dummy_fallback
S002,2026-07-15,32.5,0.0,63,7.0,2,dummy_fallback
S003,2026-07-15,32.2,0.0,54,11.7,3,dummy_fallback
S004,2026-07-15,31.4,0.0,66,8.0,3,dummy_fallback
S005,2026-07-15,32.4,0.0,45,16.9,2,dummy_fallback
S006,2026-07-15,38.0,0.0,61,20.6,0,dummy_fallback
S001,2026-07-16,36.3,0.0,67,13.7,2,dummy_fallback
S002,2026-07-16,31.9,0.0,46,10.9,2,dummy_fallback
S003,2026-07-16,28.5,0.0,72,8.8,0,dummy_fallback
S004,2026-07-16,31.2,0.0,60,7.6,2,dummy_fallback
S005,2026-07-16,34.5,0.0,55,9.2,0,dummy_fallback
S006,2026-07-16,38.2,0.0,33,16.0,0,dummy_fallback
S001,2026-07-17,33.4,0.0,48,15.0,2,dummy_fallback
S002,2026-07-17,30.7,0.4,52,15.6,1,dummy_fallback
S003,2026-07-17,28.8,0.0,57,11.8,2,dummy_fallback
S004,2026-07-17,31.8,0.0,35,8.7,2,dummy_fallback
S005,2026-07-17,35.5,0.0,51,8.3,0,dummy_fallback
S006,2026-07-17,36.2,0.0,54,15.3,2,dummy_fallback
S001,2026-07-18,34.9,0.0,85,7.8,2,dummy_fallback
S002,2026-07-18,31.7,0.0,59,7.6,0,dummy_fallback
S003,2026-07-18,30.3,0.0,72,13.2,3,dummy_fallback
S004,2026-07-18,31.4,0.0,73,18.0,0,dummy_fallback
S005,2026-07-18,34.7,0.0,73,8.4,0,dummy_fallback
S006,2026-07-18,34.7,0.0,70,2.4,0,dummy_fallback
S001,2026-07-19,34.7,0.0,57,14.1,2,dummy_fallback
S002,2026-07-19,29.8,0.0,54,12.2,61,dummy_fallback
S003,2026-07-19,30.7,1.4,68,7.0,51,dummy_fallback
S004,2026-07-19,32.2,1.4,29,15.8,3,dummy_fallback
S005,2026-07-19,32.9,0.0,41,13.5,1,dummy_fallback
S006,2026-07-19,35.7,0.0,43,9.0,3,dummy_fallback
S001,2026-07-20,35.9,2.2,28,10.6,80,dummy_fallback
S002,2026-07-20,32.7,3.0,44,15.3,1,dummy_fallback
S003,2026-07-20,31.2,0.8,76,16.7,0,dummy_fallback
S004,2026-07-20,29.9,0.0,48,19.3,2,dummy_fallback
S005,2026-07-20,32.9,0.0,46,14.0,0,dummy_fallback
S006,2026-07-20,34.1,0.0,81,17.6,0,dummy_fallback
S001,2026-07-21,32.6,0.0,49,14.1,3,dummy_fallback
S002,2026-07-21,31.1,0.0,46,14.2,1,dummy_fallback
S003,2026-07-21,29.4,3.7,63,12.2,0,dummy_fallback
S004,2026-07-21,30.4,2.2,67,13.0,61,dummy_fallback
S005,2026-07-21,35.9,3.6,63,9.6,0,dummy_fallback
S006,2026-07-21,33.6,5.0,47,10.0,61,dummy_fallback
S001,2026-07-22,33.1,0.0,65,11.9,3,dummy_fallback
S002,2026-07-22,32.2,0.0,52,9.9,3,dummy_fallback
S003,2026-07-22,27.5,0.0,38,15.0,1,dummy_fallback
S004,2026-07-22,30.0,0.0,55,3.1,0,dummy_fallback
S005,2026-07-22,33.8,0.0,83,4.3,3,dummy_fallback
S006,2026-07-22,35.3,3.2,28,16.6,1,dummy_fallback
S001,2026-07-23,34.2,3.8,38,8.6,51,dummy_fallback
S002,2026-07-23,30.3,2.2,34,6.7,80,dummy_fallback
S003,2026-07-23,31.6,0.0,57,19.2,1,dummy_fallback
S004,2026-07-23,29.4,0.0,53,17.6,1,dummy_fallback
S005,2026-07-23,32.8,0.0,50,13.4,2,dummy_fallback
S006,2026-07-23,36.5,0.0,66,6.2,3,dummy_fallback
S001,2026-07-24,31.8,0.9,58,10.1,1,dummy_fallback
S002,2026-07-24,31.8,0.0,59,8.4,2,dummy_fallback
S003,2026-07-24,27.2,0.0,45,19.5,0,dummy_fallback
S004,2026-07-24,32.2,0.0,34,14.7,3,dummy_fallback
S005,2026-07-24,32.0,0.0,50,15.5,0,dummy_fallback
S006,2026-07-24,33.6,0.0,44,10.4,0,dummy_fallback
S001,2026-07-25,33.6,0.0,69,12.3,2,dummy_fallback
S002,2026-07-25,30.9,0.0,75,10.5,1,dummy_fallback
S003,2026-07-25,27.9,0.0,61,17.7,2,dummy_fallback
S004,2026-07-25,28.8,1.9,34,10.2,3,dummy_fallback
S005,2026-07-25,31.5,0.0,69,16.3,2,dummy_fallback
S006,2026-07-25,35.9,2.6,52,2.4,61,dummy_fallback
S001,2026-07-26,31.7,0.0,46,15.1,3,dummy_fallback
S002,2026-07-26,31.6,0.0,56,11.2,3,dummy_fallback
S003,2026-07-26,28.0,3.2,62,9.9,0,dummy_fallback
S004,2026-07-26,30.2,0.0,71,18.7,3,dummy_fallback
S005,2026-07-26,35.2,0.0,50,6.0,2,dummy_fallback
S006,2026-07-26,34.0,0.0,59,4.6,0,dummy_fallback
S001,2026-07-27,34.3,0.5,44,12.6,61,dummy_fallback
S002,2026-07-27,30.9,0.7,57,13.1,80,dummy_fallback
S003,2026-07-27,27.2,0.0,83,8.5,0,dummy_fallback
S004,2026-07-27,27.9,0.0,47,14.6,3,dummy_fallback
S005,2026-07-27,33.0,0.0,81,12.2,2,dummy_fallback
S006,2026-07-27,36.6,0.0,63,12.5,0,dummy_fallback
S001,2026-07-28,33.8,0.0,71,8.5,3,dummy_fallback
S002,2026-07-28,28.0,3.9,55,10.5,1,dummy_fallback
S003,2026-07-28,30.6,4.8,53,16.7,0,dummy_fallback
S004,2026-07-28,31.5,0.0,82,3.0,0,dummy_fallback
S005,2026-07-28,34.1,0.0,75,11.0,1,dummy_fallback
S006,2026-07-28,35.1,0.0,57,10.8,2,dummy_fallback
S001,2026-07-29,33.2,0.0,61,12.9,3,dummy_fallback
S002,2026-07-29,31.7,0.0,68,12.5,3,dummy_fallback
S003,2026-07-29,29.2,3.9,40,10.9,80,dummy_fallback
S004,2026-07-29,28.6,0.0,58,11.8,1,dummy_fallback
S005,2026-07-29,33.5,0.0,67,16.4,1,dummy_fallback
S006,2026-07-29,32.7,0.0,63,9.7,2,dummy_fallback
S001,2026-07-30,34.4,0.0,35,12.0,0,dummy_fallback
S002,2026-07-30,29.3,0.0,55,9.9,2,dummy_fallback
S003,2026-07-30,30.3,0.0,33,17.2,3,dummy_fallback
S004,2026-07-30,29.3,0.0,37,3.6,2,dummy_fallback
S005,2026-07-30,33.9,0.7,31,11.3,61,dummy_fallback
S006,2026-07-30,36.9,0.0,45,11.7,0,dummy_fallback
S001,2026-07-31,31.7,0.0,43,10.3,1,dummy_fallback
S002,2026-07-31,29.8,0.0,54,13.3,0,dummy_fallback
S003,2026-07-31,27.8,0.7,67,16.3,51,dummy_fallback
S004,2026-07-31,30.3,0.0,42,5.3,0,dummy_fallback
S005,2026-07-31,32.0,0.0,48,3.8,3,dummy_fallback
S006,2026-07-31,34.1,0.0,70,16.8,1,dummy_fallback
S001,2026-08-01,33.6,0.0,71,9.1,1,dummy_fallback
S002,2026-08-01,27.6,0.0,28,4.2,2,dummy_fallback
S003,2026-08-01,27.3,2.7,56,8.3,61,dummy_fallback
S004,2026-08-01,28.1,0.0,56,7.9,1,dummy_fallback
S005,2026-08-01,31.6,0.0,61,3.0,2,dummy_fallback
S006,2026-08-01,35.1,0.0,44,12.3,3,dummy_fallback
S001,2026-08-02,32.7,0.0,55,14.5,1,dummy_fallback
S002,2026-08-02,31.3,0.2,65,13.0,80,dummy_fallback
S003,2026-08-02,26.4,0.0,35,11.5,0,dummy_fallback
S004,2026-08-02,27.3,2.8,37,9.7,2,dummy_fallback
S005,2026-08-02,33.1,0.0,60,5.4,3,dummy_fallback
S006,2026-08-02,33.6,2.4,40,10.5,3,dummy_fallback
S001,2026-08-03,31.4,0.0,82,19.8,2,dummy_fallback
S002,2026-08-03,28.7,0.0,52,13.3,0,dummy_fallback
S003,2026-08-03,27.2,0.0,39,5.3,1,dummy_fallback
S004,2026-08-03,28.4,0.0,53,14.0,2,dummy_fallback
S005,2026-08-03,32.7,0.0,75,8.0,1,dummy_fallback
S006,2026-08-03,35.9,0.0,59,18.0,2,dummy_fallback
S001,2026-08-04,31.5,0.0,62,6.2,0,dummy_fallback
S002,2026-08-04,27.8,4.8,71,8.2,1,dummy_fallback
S003,2026-08-04,27.2,2.0,57,7.0,2,dummy_fallback
S004,2026-08-04,27.8,0.0,45,13.9,3,dummy_fallback
S005,2026-08-04,32.6,0.0,33,8.3,1,dummy_fallback
S006,2026-08-04,33.6,0.0,60,11.1,3,dummy_fallback
S001,2026-08-05,33.7,4.6,47,11.7,80,dummy_fallback
S002,2026-08-05,29.9,0.0,73,8.2,3,dummy_fallback
S003,2026-08-05,28.1,0.0,79,12.8,3,dummy_fallback
S004,2026-08-05,27.7,0.0,52,10.0,3,dummy_fallback
S005,2026-08-05,31.1,0.0,92,11.0,3,dummy_fallback
S006,2026-08-05,31.8,0.0,62,4.1,0,dummy_fallback
S001,2026-08-06,32.6,0.0,51,8.3,2,dummy_fallback
S002,2026-08-06,27.6,0.0,55,15.3,0,dummy_fallback
S003,2026-08-06,28.1,0.0,56,11.0,1,dummy_fallback
S004,2026-08-06,29.3,5.9,75,11.7,0,dummy_fallback
S005,2026-08-06,30.1,0.0,60,11.8,1,dummy_fallback
S006,2026-08-06,32.4,0.0,35,8.7,3,dummy_fallback
S001,2026-08-07,33.2,0.0,55,12.2,3,dummy_fallback
S002,2026-08-07,27.7,1.3,43,6.2,2,dummy_fallback
S003,2026-08-07,27.7,0.0,65,10.5,0,dummy_fallback
S004,2026-08-07,27.4,0.0,47,9.3,2,dummy_fallback
S005,2026-08-07,32.5,2.6,33,25.2,80,dummy_fallback
S006,2026-08-07,34.2,0.0,40,7.5,1,dummy_fallback
S001,2026-08-08,30.9,0.0,83,8.0,2,dummy_fallback
S002,2026-08-08,26.8,0.0,52,16.6,1,dummy_fallback
S003,2026-08-08,27.3,0.0,65,7.7,3,dummy_fallback
S004,2026-08-08,30.3,1.6,50,14.1,0,dummy_fallback
S005,2026-08-08,31.2,0.0,53,12.5,2,dummy_fallback
S006,2026-08-08,34.5,0.0,43,8.8,3,dummy_fallback
S001,2026-08-09,30.1,0.0,52,18.7,1,dummy_fallback
S002,2026-08-09,29.5,1.8,59,6.1,0,dummy_fallback
S003,2026-08-09,26.1,0.0,75,12.0,2,dummy_fallback
S004,2026-08-09,29.7,0.0,84,14.7,0,dummy_fallback
S005,2026-08-09,30.5,0.0,51,5.5,1,dummy_fallback
S006,2026-08-09,32.7,0.0,53,4.3,0,dummy_fallback
S001,2026-08-10,32.0,0.0,48,15.9,0,dummy_fallback
S002,2026-08-10,30.2,3.7,62,12.3,0,dummy_fallback
S003,2026-08-10,27.8,0.7,41,13.2,0,dummy_fallback
S004,2026-08-10,29.9,0.0,60,11.7,2,dummy_fallback
S005,2026-08-10,30.9,0.0,53,14.8,1,dummy_fallback
S006,2026-08-10,31.9,0.0,55,11.8,3,dummy_fallback
S001,2026-08-11,31.8,0.0,54,7.3,2,dummy_fallback
S002,2026-08-11,30.0,0.0,30,13.2,1,dummy_fallback
S003,2026-08-11,25.7,5.3,51,5.2,1,dummy_fallback
S004,2026-08-11,28.8,1.6,66,9.8,0,dummy_fallback
S005,2026-08-11,33.1,0.0,56,5.6,2,dummy_fallback
S006,2026-08-11,32.4,0.0,44,13.1,1,dummy_fallback
S001,2026-08-12,30.5,0.0,64,12.4,1,dummy_fallback
S002,2026-08-12,28.3,0.0,47,10.6,3,dummy_fallback
S003,2026-08-12,26.1,0.0,85,10.8,2,dummy_fallback
S004,2026-08-12,28.6,0.0,47,10.9,0,dummy_fallback
S005,2026-08-12,31.6,0.0,48,8.7,0,dummy_fallback
S006,2026-08-12,31.4,0.0,36,17.4,3,dummy_fallback
S001,2026-08-13,32.7,0.0,28,8.7,2,dummy_fallback
S002,2026-08-13,27.4,0.0,47,11.5,1,dummy_fallback
S003,2026-08-13,28.9,0.0,71,13.1,3,dummy_fallback
S004,2026-08-13,27.9,0.0,47,6.5,1,dummy_fallback
S005,2026-08-13,32.4,0.0,42,13.0,2,dummy_fallback
S006,2026-08-13,33.6,0.0,75,13.7,0,dummy_fallback
S001,2026-08-14,30.2,0.0,58,13.8,2,dummy_fallback
S002,2026-08-14,29.5,0.0,77,10.3,0,dummy_fallback
S003,2026-08-14,28.3,4.9,55,6.8,51,dummy_fallback
S004,2026-08-14,28.0,0.0,28,6.5,1,dummy_fallback
S005,2026-08-14,29.1,0.0,71,9.5,3,dummy_fallback
S006,2026-08-14,35.0,3.8,43,12.6,2,dummy_fallback
S001,2026-08-15,30.6,0.0,58,13.8,2,dummy_fallback
S002,2026-08-15,29.4,3.8,43,7.9,80,dummy_fallback
S003,2026-08-15,27.7,0.0,58,9.7,2,dummy_fallback
S004,2026-08-15,28.5,0.0,38,5.6,0,dummy_fallback
S005,2026-08-15,31.4,0.0,68,16.9,2,dummy_fallback
S006,2026-08-15,31.5,0.0,61,13.7,2,dummy_fallback
S001,2026-08-16,32.2,0.0,46,4.1,1,dummy_fallback
S002,2026-08-16,30.2,0.0,48,13.8,2,dummy_fallback
S003,2026-08-16,29.1,4.4,49,15.4,61,dummy_fallback
S004,2026-08-16,27.8,2.1,50,14.5,3,dummy_fallback
S005,2026-08-16,32.2,0.0,58,16.6,1,dummy_fallback
S006,2026-08-16,30.9,5.6,47,14.6,3,dummy_fallback
S001,2026-08-17,32.1,0.0,38,12.1,2,dummy_fallback
S002,2026-08-17,30.0,0.0,33,7.9,1,dummy_fallback
S003,2026-08-17,27.8,0.0,80,10.4,3,dummy_fallback
S004,2026-08-17,29.2,0.0,70,11.9,1,dummy_fallback
S005,2026-08-17,29.6,0.0,41,12.0,3,dummy_fallback
S006,2026-08-17,35.0,0.0,30,10.7,2,dummy_fallback
S001,2026-08-18,31.1,0.0,66,10.3,0,dummy_fallback
S002,2026-08-18,27.9,0.0,56,7.5,2,dummy_fallback
S003,2026-08-18,25.6,4.8,58,7.6,80,dummy_fallback
S004,2026-08-18,26.1,0.0,49,15.3,0,dummy_fallback
S005,2026-08-18,32.3,4.0,53,10.4,51,dummy_fallback
S006,2026-08-18,33.6,0.0,58,14.6,1,dummy_fallback
S001,2026-08-19,29.9,0.0,45,9.7,2,dummy_fallback
S002,2026-08-19,28.0,0.0,67,13.2,3,dummy_fallback
S003,2026-08-19,28.8,0.0,47,5.2,0,dummy_fallback
S004,2026-08-19,28.0,0.0,59,13.5,3,dummy_fallback
S005,2026-08-19,30.4,0.4,53,15.6,80,dummy_fallback
S006,2026-08-19,31.9,0.0,55,22.3,2,dummy_fallback
S001,2026-08-20,29.4,0.0,53,14.3,2,dummy_fallback
S002,2026-08-20,25.7,0.0,62,13.8,1,dummy_fallback
S003,2026-08-20,27.3,0.0,51,3.6,2,dummy_fallback
S004,2026-08-20,27.3,2.5,54,12.6,80,dummy_fallback
S005,2026-08-20,30.2,0.0,43,12.0,0,dummy_fallback
S006,2026-08-20,33.3,0.0,62,14.1,3,dummy_fallback
S001,2026-08-21,32.3,0.0,66,11.7,2,dummy_fallback
S002,2026-08-21,28.7,0.0,49,12.6,1,dummy_fallback
S003,2026-08-21,28.6,0.0,36,10.4,1,dummy_fallback
S004,2026-08-21,29.3,0.0,34,15.3,2,dummy_fallback
S005,2026-08-21,28.9,0.0,58,14.5,3,dummy_fallback
S006,2026-08-21,33.5,0.0,45,13.6,0,dummy_fallback
S001,2026-08-22,29.1,0.0,53,5.1,2,dummy_fallback
S002,2026-08-22,27.0,0.0,56,9.8,3,dummy_fallback
S003,2026-08-22,26.1,0.0,72,15.8,3,dummy_fallback
S004,2026-08-22,26.4,0.0,92,3.4,3,dummy_fallback
S005,2026-08-22,30.3,0.9,42,11.4,3,dummy_fallback
S006,2026-08-22,31.8,0.0,65,10.3,3,dummy_fallback
S001,2026-08-23,30.4,0.0,32,15.8,3,dummy_fallback
S002,2026-08-23,29.6,0.0,59,13.3,0,dummy_fallback
S003,2026-08-23,25.8,0.0,79,9.1,2,dummy_fallback
S004,2026-08-23,29.5,0.0,52,9.4,2,dummy_fallback
S005,2026-08-23,28.6,0.6,49,15.2,1,dummy_fallback
S006,2026-08-23,33.4,0.0,53,8.5,1,dummy_fallback
S001,2026-08-24,31.8,0.0,33,2.1,1,dummy_fallback
S002,2026-08-24,29.8,0.0,50,20.6,0,dummy_fallback
S003,2026-08-24,26.4,0.0,71,7.7,0,dummy_fallback
S004,2026-08-24,27.8,5.7,31,9.2,80,dummy_fallback
S005,2026-08-24,30.6,0.0,68,14.6,2,dummy_fallback
S006,2026-08-24,34.9,0.0,36,15.5,3,dummy_fallback
S001,2026-08-25,29.4,2.2,58,13.6,80,dummy_fallback
S002,2026-08-25,26.5,0.0,63,11.2,0,dummy_fallback
S003,2026-08-25,25.0,0.0,60,8.1,0,dummy_fallback
S004,2026-08-25,26.7,0.0,28,10.9,2,dummy_fallback
S005,2026-08-25,32.5,2.1,43,14.8,2,dummy_fallback
S006,2026-08-25,32.6,0.5,28,12.3,80,dummy_fallback
S001,2026-08-26,29.0,0.0,29,12.8,1,dummy_fallback
S002,2026-08-26,29.7,0.0,41,13.6,1,dummy_fallback
S003,2026-08-26,27.2,0.0,63,10.4,3,dummy_fallback
S004,2026-08-26,25.9,0.9,53,14.7,80,dummy_fallback
S005,2026-08-26,28.8,0.0,55,11.8,0,dummy_fallback
S006,2026-08-26,33.5,0.0,60,7.3,1,dummy_fallback
S001,2026-08-27,29.2,0.0,36,18.9,1,dummy_fallback
S002,2026-08-27,25.7,0.0,37,14.6,2,dummy_fallback
S003,2026-08-27,24.8,0.0,51,12.6,3,dummy_fallback
S004,2026-08-27,26.9,0.0,65,12.6,0,dummy_fallback
S005,2026-08-27,31.3,0.0,54,10.6,0,dummy_fallback
S006,2026-08-27,30.6,1.8,51,11.2,0,dummy_fallback
S001,2026-08-28,29.0,0.0,54,6.3,2,dummy_fallback
S002,2026-08-28,26.3,0.0,77,11.3,0,dummy_fallback
S003,2026-08-28,27.9,0.0,59,9.9,3,dummy_fallback
S004,2026-08-28,29.3,0.0,60,8.5,0,dummy_fallback
S005,2026-08-28,31.5,0.0,60,4.0,2,dummy_fallback
S006,2026-08-28,33.2,0.0,45,6.9,2,dummy_fallback
S001,2026-08-29,30.7,0.0,46,17.0,0,dummy_fallback
S002,2026-08-29,28.2,3.5,37,8.3,2,dummy_fallback
S003,2026-08-29,27.1,1.7,76,9.1,0,dummy_fallback
S004,2026-08-29,27.2,0.0,28,9.7,2,dummy_fallback
S005,2026-08-29,28.9,0.0,72,16.7,1,dummy_fallback
S006,2026-08-29,32.5,0.0,52,10.6,0,dummy_fallback
S001,2026-08-30,28.7,0.0,50,12.3,3,dummy_fallback
S002,2026-08-30,28.8,0.0,61,5.4,1,dummy_fallback
S003,2026-08-30,28.2,0.0,63,8.6,1,dummy_fallback
S004,2026-08-30,26.3,0.0,59,16.0,2,dummy_fallback
S005,2026-08-30,31.3,0.0,48,13.4,0,dummy_fallback
S006,2026-08-30,34.0,0.6,60,9.8,80,dummy_fallback
S001,2026-08-31,29.3,0.0,47,12.7,0,dummy_fallback
S002,2026-08-31,26.7,2.2,42,11.8,80,dummy_fallback
S003,2026-08-31,28.5,0.0,56,13.7,2,dummy_fallback
S004,2026-08-31,28.8,0.0,76,8.3,2,dummy_fallback
S005,2026-08-31,29.2,0.2,50,12.1,2,dummy_fallback
S006,2026-08-31,31.9,0.0,55,12.6,0,dummy_fallback
