event_id,event_type,event_ts,order_id,customer_id,store_id,product_id,quantity,unit_price,currency_code
EVT00001,order_item_added,2026-09-01 09:00:17,STREAM-O00001,C00506,S006,P0065,2,840,PKR
EVT00002,order_item_added,2026-09-01 09:00:34,STREAM-O00002,C00126,S006,P0046,2,205,PKR
EVT00003,order_item_added,2026-09-01 09:00:51,STREAM-O00003,C00705,S001,P0024,3,235,PKR
EVT00004,order_item_added,2026-09-01 09:01:08,STREAM-O00004,C00448,S003,P0033,2,1475,PKR
EVT00005,order_item_added,2026-09-01 09:01:25,STREAM-O00005,C00469,S006,P0049,3,215,PKR
EVT00006,order_item_added,2026-09-01 09:01:42,STREAM-O00006,C00107,S004,P0047,3,1540,PKR
EVT00007,order_item_added,2026-09-01 09:01:59,STREAM-O00007,C00655,S003,P0024,3,235,PKR
EVT00008,order_item_added,2026-09-01 09:02:16,STREAM-O00008,C00694,S005,P0071,3,850,PKR
EVT00009,order_item_added,2026-09-01 09:02:33,STREAM-O00009,C00648,S001,P0099,3,970,PKR
EVT00010,order_item_added,2026-09-01 09:02:50,STREAM-O00010,C00745,S003,P0006,3,750,PKR
EVT00011,order_item_added,2026-09-01 09:03:07,STREAM-O00011,C00260,S002,P0115,3,1790,PKR
EVT00012,order_item_added,2026-09-01 09:03:24,STREAM-O00012,C00469,S001,P0036,2,595,PKR
EVT00013,order_item_added,2026-09-01 09:03:41,STREAM-O00013,C00327,S002,P0018,2,1305,PKR
EVT00014,order_item_added,2026-09-01 09:03:58,STREAM-O00014,C00355,S006,P0064,1,1700,PKR
EVT00015,order_item_added,2026-09-01 09:04:15,STREAM-O00015,C00302,S005,P0108,3,935,PKR
EVT00016,order_item_added,2026-09-01 09:04:32,STREAM-O00016,C00228,S006,P0079,1,850,PKR
EVT00017,order_item_added,2026-09-01 09:04:49,STREAM-O00017,C00226,S004,P0074,2,600,PKR
EVT00018,order_item_added,2026-09-01 09:05:06,STREAM-O00018,C00288,S004,P0076,2,1635,PKR
EVT00019,order_item_added,2026-09-01 09:05:23,STREAM-O00019,C00582,S006,P0088,1,780,PKR
EVT00020,order_item_added,2026-09-01 09:05:40,STREAM-O00020,C00171,S005,P0086,3,850,PKR
EVT00021,order_item_added,2026-09-01 09:05:57,STREAM-O00021,C00266,S003,P0028,3,1930,PKR
EVT00022,order_item_added,2026-09-01 09:06:14,STREAM-O00022,C00023,S003,P0073,3,225,PKR
EVT00023,order_item_added,2026-09-01 09:06:31,STREAM-O00023,C00015,S005,P0014,1,1895,PKR
EVT00024,order_item_added,2026-09-01 09:06:48,STREAM-O00024,C00415,S001,P0070,2,1560,PKR
EVT00025,order_item_added,2026-09-01 09:07:05,STREAM-O00025,C00583,S005,P0056,1,385,PKR
EVT00026,order_item_added,2026-09-01 09:07:22,STREAM-O00026,C00353,S001,P0008,3,1530,PKR
EVT00027,order_item_added,2026-09-01 09:07:39,STREAM-O00027,C00713,S004,P0120,3,760,PKR
EVT00028,order_item_added,2026-09-01 09:07:56,STREAM-O00028,C00196,S005,P0007,1,425,PKR
EVT00029,order_item_added,2026-09-01 09:08:13,STREAM-O00029,C00059,S006,P0117,3,720,PKR
EVT00030,order_item_added,2026-09-01 09:08:30,STREAM-O00030,C00484,S001,P0045,2,910,PKR
EVT00031,order_item_added,2026-09-01 09:08:47,STREAM-O00031,C00670,S001,P0045,1,910,PKR
EVT00032,order_item_added,2026-09-01 09:09:04,STREAM-O00032,C00059,S004,P0105,3,1155,PKR
EVT00033,order_item_added,2026-09-01 09:09:21,STREAM-O00033,C00330,S003,P0059,1,600,PKR
EVT00034,order_item_added,2026-09-01 09:09:38,STREAM-O00034,C00446,S002,P0012,3,155,PKR
EVT00035,order_item_added,2026-09-01 09:09:55,STREAM-O00035,C00648,S002,P0090,3,1680,PKR
EVT00036,order_item_added,2026-09-01 09:10:12,STREAM-O00036,C00368,S006,P0112,1,385,PKR
EVT00037,order_item_added,2026-09-01 09:10:29,STREAM-O00037,C00451,S004,P0042,3,1400,PKR
EVT00038,order_item_added,2026-09-01 09:10:46,STREAM-O00038,C00335,S001,P0104,2,1645,PKR
EVT00039,order_item_added,2026-09-01 09:11:03,STREAM-O00039,C00512,S005,P0002,2,265,PKR
EVT00040,order_item_added,2026-09-01 09:11:20,STREAM-O00040,C00120,S001,P0085,3,270,PKR
EVT00041,order_item_added,2026-09-01 09:11:37,STREAM-O00041,C00514,S005,P0117,1,720,PKR
EVT00042,order_item_added,2026-09-01 09:11:54,STREAM-O00042,C00436,S001,P0034,2,140,PKR
EVT00043,order_item_added,2026-09-01 09:12:11,STREAM-O00043,C00168,S002,P0091,1,490,PKR
EVT00044,order_item_added,2026-09-01 09:12:28,STREAM-O00044,C00604,S006,P0088,2,780,PKR
EVT00045,order_item_added,2026-09-01 09:12:45,STREAM-O00045,C00429,S001,P0036,3,595,PKR
EVT00046,order_item_added,2026-09-01 09:13:02,STREAM-O00046,C00190,S004,P0094,1,130,PKR
EVT00047,order_item_added,2026-09-01 09:13:19,STREAM-O00047,C00579,S006,P0001,1,660,PKR
EVT00048,order_item_added,2026-09-01 09:13:36,STREAM-O00048,C00244,S005,P0053,1,2210,PKR
EVT00049,order_item_added,2026-09-01 09:13:53,STREAM-O00049,C00136,S001,P0018,3,1305,PKR
EVT00050,order_item_added,2026-09-01 09:14:10,STREAM-O00050,C00388,S003,P0096,3,1660,PKR
EVT00051,order_item_added,2026-09-01 09:14:27,STREAM-O00051,C00182,S005,P0090,2,1680,PKR
EVT00052,order_item_added,2026-09-01 09:14:44,STREAM-O00052,C00578,S004,P0016,2,1700,PKR
EVT00053,order_item_added,2026-09-01 09:15:01,STREAM-O00053,C00739,S005,P0039,3,920,PKR
EVT00054,order_item_added,2026-09-01 09:15:18,STREAM-O00054,C00152,S006,P0010,3,375,PKR
EVT00055,order_item_added,2026-09-01 09:15:35,STREAM-O00055,C00087,S005,P0084,1,1260,PKR
EVT00056,order_item_added,2026-09-01 09:15:52,STREAM-O00056,C00254,S002,P0100,3,855,PKR
EVT00057,order_item_added,2026-09-01 09:16:09,STREAM-O00057,C00691,S004,P0063,3,1685,PKR
EVT00058,order_item_added,2026-09-01 09:16:26,STREAM-O00058,C00059,S006,P0064,1,1700,PKR
EVT00059,order_item_added,2026-09-01 09:16:43,STREAM-O00059,C00006,S006,P0074,3,600,PKR
EVT00060,order_item_added,2026-09-01 09:17:00,STREAM-O00060,C00372,S003,P0086,1,850,PKR
EVT00061,order_item_added,2026-09-01 09:17:17,STREAM-O00061,C00538,S005,P0021,3,1595,PKR
EVT00062,order_item_added,2026-09-01 09:17:34,STREAM-O00062,C00090,S002,P0066,2,785,PKR
EVT00063,order_item_added,2026-09-01 09:17:51,STREAM-O00063,C00253,S003,P0057,2,1425,PKR
EVT00064,order_item_added,2026-09-01 09:18:08,STREAM-O00064,C00745,S002,P0060,2,230,PKR
EVT00065,order_item_added,2026-09-01 09:18:25,STREAM-O00065,C00117,S004,P0022,1,1255,PKR
EVT00066,order_item_added,2026-09-01 09:18:42,STREAM-O00066,C00390,S006,P0101,3,185,PKR
EVT00067,order_item_added,2026-09-01 09:18:59,STREAM-O00067,C00333,S003,P0084,3,1260,PKR
EVT00068,order_item_added,2026-09-01 09:19:16,STREAM-O00068,C00258,S002,P0026,1,755,PKR
EVT00069,order_item_added,2026-09-01 09:19:33,STREAM-O00069,C00376,S006,P0103,1,1075,PKR
EVT00070,order_item_added,2026-09-01 09:19:50,STREAM-O00070,C00505,S006,P0081,2,1110,PKR
EVT00071,order_item_added,2026-09-01 09:20:07,STREAM-O00071,C00576,S006,P0059,3,600,PKR
EVT00072,order_item_added,2026-09-01 09:20:24,STREAM-O00072,C00607,S002,P0118,2,1270,PKR
EVT00073,order_item_added,2026-09-01 09:20:41,STREAM-O00073,C00517,S006,P0103,2,1075,PKR
EVT00074,order_item_added,2026-09-01 09:20:58,STREAM-O00074,C00061,S004,P0069,2,530,PKR
EVT00075,order_item_added,2026-09-01 09:21:15,STREAM-O00075,C00436,S006,P0117,3,720,PKR
EVT00076,order_item_added,2026-09-01 09:21:32,STREAM-O00076,C00198,S001,P0083,3,720,PKR
EVT00077,order_item_added,2026-09-01 09:21:49,STREAM-O00077,C00241,S005,P0026,1,755,PKR
EVT00078,order_item_added,2026-09-01 09:22:06,STREAM-O00078,C00495,S004,P0057,1,1425,PKR
EVT00079,order_item_added,2026-09-01 09:22:23,STREAM-O00079,C00021,S006,P0092,2,955,PKR
EVT00080,order_item_added,2026-09-01 09:22:40,STREAM-O00080,C00599,S005,P0043,1,1190,PKR
EVT00081,order_item_added,2026-09-01 09:22:57,STREAM-O00081,C00546,S004,P0058,3,1715,PKR
EVT00082,order_item_added,2026-09-01 09:23:14,STREAM-O00082,C00067,S005,P0068,3,550,PKR
EVT00083,order_item_added,2026-09-01 09:23:31,STREAM-O00083,C00369,S003,P0086,3,850,PKR
EVT00084,order_item_added,2026-09-01 09:23:48,STREAM-O00084,C00597,S001,P0045,2,910,PKR
EVT00085,order_item_added,2026-09-01 09:24:05,STREAM-O00085,C00265,S001,P0105,1,1155,PKR
EVT00086,order_item_added,2026-09-01 09:24:22,STREAM-O00086,C00410,S006,P0014,1,1895,PKR
EVT00087,order_item_added,2026-09-01 09:24:39,STREAM-O00087,C00057,S002,P0094,2,130,PKR
EVT00088,order_item_added,2026-09-01 09:24:56,STREAM-O00088,C00375,S001,P0015,1,895,PKR
EVT00089,order_item_added,2026-09-01 09:25:13,STREAM-O00089,C00444,S004,P0050,3,810,PKR
EVT00090,order_item_added,2026-09-01 09:25:30,STREAM-O00090,C00363,S006,P0073,2,225,PKR
EVT00091,order_item_added,2026-09-01 09:25:47,STREAM-O00091,C00088,S002,P0009,2,985,PKR
EVT00092,order_item_added,2026-09-01 09:26:04,STREAM-O00092,C00027,S003,P0090,1,1680,PKR
EVT00093,order_item_added,2026-09-01 09:26:21,STREAM-O00093,C00660,S006,P0051,1,200,PKR
EVT00094,order_item_added,2026-09-01 09:26:38,STREAM-O00094,C00082,S003,P0103,2,1075,PKR
EVT00095,order_item_added,2026-09-01 09:26:55,STREAM-O00095,C00235,S003,P0061,2,275,PKR
EVT00096,order_item_added,2026-09-01 09:27:12,STREAM-O00096,C00475,S002,P0029,1,895,PKR
EVT00097,order_item_added,2026-09-01 09:27:29,STREAM-O00097,C00749,S002,P0097,3,1730,PKR
EVT00098,order_item_added,2026-09-01 09:27:46,STREAM-O00098,C00435,S002,P0090,1,1680,PKR
EVT00099,order_item_added,2026-09-01 09:28:03,STREAM-O00099,C00630,S004,P0103,3,1075,PKR
EVT00100,order_item_added,2026-09-01 09:28:20,STREAM-O00100,C00159,S005,P0081,1,1110,PKR
