customer_id,first_name,last_name,email,phone,city,loyalty_tier,join_date,active_flag
C00001,Maryam,Iqbal,maryam.iqbal.1@example.com,+92-333-8106245,Lahore,Gold,2026-05-13,True
C00002,Sophia,Davis,sophia.davis.2@example.com,+92-336-9221514,Karachi,Silver,2025-08-18,True
C00003,Fatima,Wilson,fatima.wilson.3@example.com,+92-318-8308766,Karachi,Silver,2025-04-19,True
C00004,Ali,Wilson,ali.wilson.4@example.com,+92-306-4070483,Karachi,Bronze,2024-02-03,True
C00005,Anaya,Wilson,anaya.wilson.5@example.com,+92-308-2107978,Multan,Silver,2025-03-25,True
C00006,Rayan,Brown,rayan.brown.6@example.com,+92-314-6595938,Islamabad,Bronze,2023-12-25,True
C00007,William,Hussain,william.hussain.7@example.com,+92-304-4687158,Islamabad,Bronze,2025-05-30,False
C00008,Omar,Martin,omar.martin.8@example.com,+92-349-1947402,Lahore,Bronze,2024-06-11,True
C00009,Fatima,Wilson,fatima.wilson.9@example.com,+92-327-5206093,Multan,Bronze,2025-04-02,True
C00010,Adam,Robinson,adam.robinson.10@example.com,+92-300-2278913,Islamabad,Bronze,2024-09-17,True
C00011,Usman,Miller,usman.miller.11@example.com,+92-332-3945736,Rawalpindi,Bronze,2024-12-01,True
C00012,Zara,Brown,zara.brown.12@example.com,+92-303-2117730,Karachi,Silver,2023-12-28,True
C00013,Amna,Ahmed,amna.ahmed.13@example.com,+92-329-9692179,Karachi,Bronze,2025-06-16,True
C00014,Daniel,Brown,daniel.brown.14@example.com,+92-333-7639244,Karachi,Bronze,2025-05-29,True
C00015,Olivia,Ali,olivia.ali.15@example.com,+92-310-1049260,Islamabad,Bronze,2026-05-16,True
C00016,Hania,Shah,hania.shah.16@example.com,+92-318-2756343,Islamabad,Silver,2024-06-20,True
C00017,Arham,Khan,arham.khan.17@example.com,+92-313-3725111,Rawalpindi,Bronze,2024-07-22,True
C00018,Emma,Miller,emma.miller.18@example.com,+92-319-1566674,Faisalabad,Bronze,2024-09-26,False
C00019,Liam,Lee,liam.lee.19@example.com,+92-337-1106406,Multan,Bronze,2025-05-05,True
C00020,Emma,Patel,emma.patel.20@example.com,+92-301-1527359,Lahore,Silver,2025-04-27,True
C00021,Rayan,Garcia,rayan.garcia.21@example.com,+92-323-9629637,Rawalpindi,Bronze,2025-03-27,True
C00022,Hassan,Brown,hassan.brown.22@example.com,+92-309-4596625,Lahore,Bronze,2024-12-03,True
C00023,Maya,Garcia,maya.garcia.23@example.com,+92-345-3820709,Rawalpindi,Bronze,2023-12-17,False
C00024,Aarav,Malik,aarav.malik.24@example.com,+92-329-9828103,Islamabad,Silver,2025-02-21,True
C00025,Olivia,Martin,olivia.martin.25@example.com,+92-300-9358180,Lahore,Gold,2025-07-09,True
C00026,Hassan,Smith,hassan.smith.26@example.com,+92-348-4136857,Karachi,Silver,2024-12-15,True
C00027,Aisha,Brown,aisha.brown.27@example.com,+92-309-5037120,Rawalpindi,Silver,2025-10-29,True
C00028,Usman,Martin,usman.martin.28@example.com,+92-308-3855436,Rawalpindi,Silver,2025-03-01,True
C00029,Daniel,Patel,daniel.patel.29@example.com,+92-339-6424401,Rawalpindi,Bronze,2025-03-26,True
C00030,Arham,Smith,arham.smith.30@example.com,+92-317-8041270,Karachi,Bronze,2025-06-17,True
C00031,Usman,Lee,usman.lee.31@example.com,+92-331-2358176,Multan,Gold,2024-04-26,True
C00032,John,Ahmed,john.ahmed.32@example.com,+92-317-3011578,Multan,Gold,2024-06-10,True
C00033,William,Brown,william.brown.33@example.com,+92-302-9641729,Faisalabad,Silver,2024-01-22,True
C00034,William,Malik,william.malik.34@example.com,+92-348-6895574,Rawalpindi,Bronze,2024-09-29,True
C00035,James,Raza,james.raza.35@example.com,+92-306-6504246,Islamabad,Silver,2023-12-17,True
C00036,Usman,Taylor,usman.taylor.36@example.com,+92-332-9683965,Multan,Silver,2025-11-18,True
C00037,Ibrahim,Ahmed,ibrahim.ahmed.37@example.com,+92-334-2878175,Rawalpindi,Silver,2024-04-29,True
C00038,Liam,Garcia,liam.garcia.38@example.com,+92-337-9616787,Karachi,Gold,2025-08-21,True
C00039,Aisha,Patel,aisha.patel.39@example.com,+92-339-3342459,Islamabad,Bronze,2025-07-22,True
C00040,Adam,Miller,adam.miller.40@example.com,+92-305-4654140,Multan,Bronze,2026-02-25,True
C00041,Adam,Raza,adam.raza.41@example.com,+92-327-4912539,Karachi,Silver,2024-12-02,True
C00042,Arham,Miller,arham.miller.42@example.com,+92-307-6019876,Rawalpindi,Bronze,2024-06-20,True
C00043,John,Wilson,john.wilson.43@example.com,+92-335-2622613,Islamabad,Gold,2025-02-09,True
C00044,Emma,Brown,emma.brown.44@example.com,+92-342-8093229,Lahore,Silver,2025-09-25,False
C00045,Adam,Miller,adam.miller.45@example.com,+92-323-4320931,Karachi,Silver,2025-03-05,True
C00046,Emma,Robinson,emma.robinson.46@example.com,+92-337-2584144,Multan,Silver,2024-04-04,True
C00047,Amna,Davis,amna.davis.47@example.com,+92-332-5810451,Karachi,Silver,2025-12-16,True
C00048,Noah,Raza,noah.raza.48@example.com,+92-348-5171669,Islamabad,Silver,2024-09-15,True
C00049,Arham,Ahmed,arham.ahmed.49@example.com,+92-331-9742777,Islamabad,Bronze,2024-06-25,True
C00050,Sophia,Wilson,sophia.wilson.50@example.com,+92-312-8096080,Rawalpindi,Gold,2024-09-28,True
C00051,James,Taylor,james.taylor.51@example.com,+92-330-5158866,Lahore,Silver,2025-06-03,True
C00052,Arham,Martin,arham.martin.52@example.com,+92-334-2737452,Faisalabad,Silver,2024-06-09,True
C00053,Maham,Ali,maham.ali.53@example.com,+92-341-2241066,Faisalabad,Silver,2024-11-02,True
C00054,Sara,Brown,sara.brown.54@example.com,+92-314-3312042,Karachi,Silver,2024-06-17,True
C00055,Hamza,Smith,hamza.smith.55@example.com,+92-338-6749029,Rawalpindi,Bronze,2024-08-30,True
C00056,Omar,Lee,omar.lee.56@example.com,+92-317-1093801,Faisalabad,Silver,2024-01-16,True
C00057,Hassan,Johnson,hassan.johnson.57@example.com,+92-348-3519318,Karachi,Silver,2026-03-19,True
C00058,John,Hussain,john.hussain.58@example.com,+92-308-1265443,Rawalpindi,Bronze,2026-03-23,True
C00059,Arham,Ali,arham.ali.59@example.com,+92-307-1698322,Karachi,Silver,2024-10-12,True
C00060,Rayan,Malik,rayan.malik.60@example.com,+92-328-3126877,Lahore,Bronze,2025-09-15,True
C00061,Maya,Hussain,maya.hussain.61@example.com,+92-339-2644531,Faisalabad,Bronze,2024-04-02,True
C00062,Usman,Ali,usman.ali.62@example.com,+92-347-5436715,Islamabad,Bronze,2025-06-15,True
C00063,James,Brown,james.brown.63@example.com,+92-324-5648910,Karachi,Bronze,2024-06-25,True
C00064,Hassan,Garcia,hassan.garcia.64@example.com,+92-304-2506271,Islamabad,Bronze,2025-06-13,True
C00065,Rayan,Davis,rayan.davis.65@example.com,+92-303-5528651,Karachi,Gold,2025-11-04,True
C00066,Daniel,Garcia,daniel.garcia.66@example.com,+92-310-8900227,Karachi,Silver,2023-12-31,True
C00067,Aarav,Ahmed,aarav.ahmed.67@example.com,+92-319-7570252,Islamabad,Silver,2025-02-03,True
C00068,Daniel,Raza,daniel.raza.68@example.com,+92-310-7159481,Karachi,Bronze,2024-01-15,True
C00069,Amna,Martin,amna.martin.69@example.com,+92-323-4180892,Rawalpindi,Bronze,2025-01-18,True
C00070,Zoya,Lee,zoya.lee.70@example.com,+92-304-8389546,Lahore,Silver,2025-02-22,False
C00071,Olivia,Brown,olivia.brown.71@example.com,+92-348-9668711,Lahore,Bronze,2024-06-02,True
C00072,Rayan,Lee,rayan.lee.72@example.com,+92-338-9895187,Faisalabad,Silver,2024-03-02,True
C00073,Fatima,Smith,fatima.smith.73@example.com,+92-314-9026744,Islamabad,Bronze,2025-12-09,True
C00074,Aisha,Davis,aisha.davis.74@example.com,+92-330-6210382,Rawalpindi,Gold,2025-01-31,True
C00075,Sophia,Shah,sophia.shah.75@example.com,+92-304-2379220,Rawalpindi,Bronze,2025-01-03,True
C00076,Ali,Wilson,ali.wilson.76@example.com,+92-311-1838313,Islamabad,Bronze,2026-04-30,True
C00077,Adam,Johnson,adam.johnson.77@example.com,+92-316-1070588,Lahore,Silver,2024-08-05,True
C00078,Maya,Patel,maya.patel.78@example.com,+92-343-5035173,Lahore,Silver,2025-07-28,True
C00079,Amna,Martin,amna.martin.79@example.com,+92-325-7987264,Rawalpindi,Bronze,2026-01-13,True
C00080,Ibrahim,Taylor,ibrahim.taylor.80@example.com,+92-321-2364796,Lahore,Silver,2024-12-27,True
C00081,Sara,Iqbal,sara.iqbal.81@example.com,+92-342-1605092,Faisalabad,Silver,2025-01-12,True
C00082,Omar,Brown,omar.brown.82@example.com,+92-304-9605286,Multan,Bronze,2024-08-08,True
C00083,Arham,Miller,arham.miller.83@example.com,+92-316-6162714,Rawalpindi,Silver,2024-10-08,True
C00084,Sara,Hussain,sara.hussain.84@example.com,+92-340-1770147,Islamabad,Silver,2025-10-08,True
C00085,Maham,Ali,maham.ali.85@example.com,+92-335-5333819,Faisalabad,Bronze,2025-06-30,True
C00086,Amna,Taylor,amna.taylor.86@example.com,+92-348-4915633,Islamabad,Bronze,2025-06-25,True
C00087,Usman,Lee,usman.lee.87@example.com,+92-336-9545525,Karachi,Silver,2025-02-05,True
C00088,Aisha,Garcia,aisha.garcia.88@example.com,+92-327-8227798,Rawalpindi,Silver,2024-11-20,True
C00089,Noah,Johnson,noah.johnson.89@example.com,+92-303-3483095,Islamabad,Gold,2024-03-19,True
C00090,Emma,Johnson,emma.johnson.90@example.com,+92-331-7867340,Islamabad,Bronze,2025-07-04,True
C00091,Rayan,Miller,rayan.miller.91@example.com,+92-321-4216418,Faisalabad,Silver,2024-06-23,True
C00092,Anaya,Lee,anaya.lee.92@example.com,+92-305-8595129,Multan,Bronze,2024-12-16,True
C00093,Rayan,Ahmed,rayan.ahmed.93@example.com,+92-305-4013830,Islamabad,Bronze,2025-09-14,True
C00094,Zara,Garcia,zara.garcia.94@example.com,+92-347-3442314,Lahore,Bronze,2025-08-24,True
C00095,Sara,Johnson,sara.johnson.95@example.com,+92-334-4964937,Islamabad,Bronze,2024-09-09,True
C00096,Maya,Shah,maya.shah.96@example.com,+92-344-4769871,Faisalabad,Bronze,2025-09-11,True
C00097,Rayan,Ali,rayan.ali.97@example.com,+92-308-3028114,Faisalabad,Bronze,2024-05-21,True
C00098,Hania,Hussain,hania.hussain.98@example.com,+92-311-4547485,Karachi,Bronze,2023-12-15,True
C00099,Arham,Hussain,arham.hussain.99@example.com,+92-314-5795248,Karachi,Gold,2024-04-07,True
C00100,Aarav,Ahmed,aarav.ahmed.100@example.com,+92-322-4375834,Lahore,Bronze,2025-07-15,True
C00101,Emma,Robinson,emma.robinson.101@example.com,+92-322-3323930,Islamabad,Bronze,2026-02-27,True
C00102,Maryam,Davis,maryam.davis.102@example.com,+92-338-3958509,Faisalabad,Silver,2024-04-07,True
C00103,Maryam,Davis,maryam.davis.103@example.com,+92-317-6833372,Rawalpindi,Bronze,2025-09-15,True
C00104,Maryam,Davis,maryam.davis.104@example.com,+92-320-1162927,Rawalpindi,Bronze,2026-04-29,True
C00105,Rayan,Patel,rayan.patel.105@example.com,+92-317-2130919,Multan,Bronze,2024-03-02,True
C00106,Maryam,Lee,maryam.lee.106@example.com,+92-319-2271139,Multan,Gold,2024-01-19,True
C00107,Aisha,Davis,aisha.davis.107@example.com,+92-326-1103204,Faisalabad,Bronze,2024-06-14,True
C00108,Maryam,Johnson,maryam.johnson.108@example.com,+92-323-5401893,Rawalpindi,Silver,2024-05-19,True
C00109,Aarav,Shah,aarav.shah.109@example.com,+92-326-1740327,Karachi,Silver,2025-02-07,True
C00110,Hamza,Lee,hamza.lee.110@example.com,+92-305-7918326,Islamabad,Bronze,2024-03-01,True
C00111,Liam,Khan,liam.khan.111@example.com,+92-302-3758006,Karachi,Bronze,2026-01-30,True
C00112,Rayan,Khan,rayan.khan.112@example.com,+92-300-8986727,Faisalabad,Bronze,2026-04-22,True
C00113,James,Miller,james.miller.113@example.com,+92-305-5974116,Rawalpindi,Silver,2026-01-31,True
C00114,Ali,Taylor,ali.taylor.114@example.com,+92-344-1560764,Rawalpindi,Bronze,2025-11-21,True
C00115,Sara,Miller,sara.miller.115@example.com,+92-305-5259002,Faisalabad,Gold,2026-01-06,True
C00116,Adam,Robinson,adam.robinson.116@example.com,+92-303-1524417,Karachi,Bronze,2025-08-01,True
C00117,Zoya,Shah,zoya.shah.117@example.com,+92-320-6566106,Lahore,Silver,2024-10-18,True
C00118,Olivia,Malik,olivia.malik.118@example.com,+92-300-7765478,Faisalabad,Gold,2025-10-15,True
C00119,Maya,Brown,maya.brown.119@example.com,+92-346-9028406,Islamabad,Bronze,2024-10-31,True
C00120,Aarav,Hussain,aarav.hussain.120@example.com,+92-332-3803095,Faisalabad,Silver,2025-09-22,True
C00121,Usman,Wilson,usman.wilson.121@example.com,+92-346-8926452,Karachi,Silver,2024-03-01,True
C00122,Ibrahim,Iqbal,ibrahim.iqbal.122@example.com,+92-341-7294735,Lahore,Bronze,2026-01-20,True
C00123,Zara,Garcia,zara.garcia.123@example.com,+92-347-3384277,Lahore,Bronze,2024-07-25,True
C00124,Hamza,Iqbal,hamza.iqbal.124@example.com,+92-340-5709252,Multan,Bronze,2025-09-03,True
C00125,Omar,Martin,omar.martin.125@example.com,+92-321-8104491,Multan,Silver,2025-01-15,True
C00126,Hassan,Robinson,hassan.robinson.126@example.com,+92-335-6899873,Islamabad,Bronze,2025-10-31,True
C00127,Sara,Malik,sara.malik.127@example.com,+92-302-9371752,Rawalpindi,Silver,2024-03-13,True
C00128,Daniel,Garcia,daniel.garcia.128@example.com,+92-313-7825586,Islamabad,Bronze,2024-10-11,True
C00129,John,Ali,john.ali.129@example.com,+92-326-8225115,Lahore,Silver,2025-11-24,True
C00130,Aisha,Raza,aisha.raza.130@example.com,+92-328-2308367,Islamabad,Bronze,2025-08-17,True
C00131,Maryam,Lee,maryam.lee.131@example.com,+92-308-9302607,Lahore,Bronze,2026-01-06,True
C00132,Usman,Ahmed,usman.ahmed.132@example.com,+92-347-7584207,Lahore,Silver,2025-05-28,True
C00133,Rayan,Johnson,rayan.johnson.133@example.com,+92-328-1821817,Karachi,Silver,2024-12-21,True
C00134,Rayan,Martin,rayan.martin.134@example.com,+92-313-2057434,Lahore,Silver,2025-11-14,True
C00135,Sara,Garcia,sara.garcia.135@example.com,+92-301-7400183,Islamabad,Bronze,2025-03-19,True
C00136,Olivia,Robinson,olivia.robinson.136@example.com,+92-313-2670860,Faisalabad,Bronze,2025-08-02,True
C00137,Aisha,Miller,aisha.miller.137@example.com,+92-322-2358618,Islamabad,Bronze,2025-08-03,True
C00138,Ibrahim,Patel,ibrahim.patel.138@example.com,+92-306-8755256,Rawalpindi,Bronze,2023-12-26,True
C00139,Sara,Ali,sara.ali.139@example.com,+92-333-6899455,Islamabad,Bronze,2026-03-11,True
C00140,William,Patel,william.patel.140@example.com,+92-306-1554637,Lahore,Gold,2025-02-24,True
C00141,Ali,Iqbal,ali.iqbal.141@example.com,+92-307-9932444,Faisalabad,Bronze,2025-09-23,True
C00142,Adam,Khan,adam.khan.142@example.com,+92-347-2898634,Karachi,Bronze,2026-03-04,True
C00143,Adam,Wilson,adam.wilson.143@example.com,+92-313-6566018,Multan,Silver,2026-05-04,True
C00144,Hamza,Raza,hamza.raza.144@example.com,+92-306-6847725,Faisalabad,Bronze,2024-04-29,True
C00145,Ali,Ahmed,ali.ahmed.145@example.com,+92-322-1487192,Lahore,Bronze,2025-03-04,True
C00146,Sara,Ahmed,sara.ahmed.146@example.com,+92-321-5103312,Lahore,Bronze,2025-08-14,True
C00147,Noah,Miller,noah.miller.147@example.com,+92-319-2161949,Islamabad,Silver,2024-06-07,True
C00148,Zoya,Johnson,zoya.johnson.148@example.com,+92-340-5786946,Rawalpindi,Bronze,2025-08-13,True
C00149,Adam,Garcia,adam.garcia.149@example.com,+92-340-2798963,Lahore,Gold,2024-06-25,True
C00150,Adam,Khan,adam.khan.150@example.com,+92-316-5883038,Karachi,Bronze,2026-01-27,False
C00151,Hamza,Malik,hamza.malik.151@example.com,+92-347-7240941,Karachi,Bronze,2024-03-04,True
C00152,John,Lee,john.lee.152@example.com,+92-303-7281907,Lahore,Silver,2023-12-28,True
C00153,Zara,Davis,zara.davis.153@example.com,+92-314-3904305,Karachi,Gold,2023-12-24,True
C00154,Emma,Patel,emma.patel.154@example.com,+92-326-3874974,Rawalpindi,Bronze,2025-02-17,True
C00155,Aisha,Hussain,aisha.hussain.155@example.com,+92-318-1213250,Multan,Silver,2024-10-06,True
C00156,Sophia,Davis,sophia.davis.156@example.com,+92-305-4667710,Multan,Bronze,2024-01-28,True
C00157,William,Robinson,william.robinson.157@example.com,+92-301-1298473,Karachi,Bronze,2025-10-15,True
C00158,Arham,Taylor,arham.taylor.158@example.com,+92-318-4380871,Karachi,Silver,2024-10-12,True
C00159,Ali,Smith,ali.smith.159@example.com,+92-337-4615800,Lahore,Silver,2025-09-18,True
C00160,Adam,Garcia,adam.garcia.160@example.com,+92-318-1311945,Faisalabad,Bronze,2024-11-17,True
C00161,Aarav,Raza,aarav.raza.161@example.com,+92-327-6909113,Lahore,Bronze,2025-06-20,False
C00162,Maryam,Miller,maryam.miller.162@example.com,+92-338-4917287,Faisalabad,Bronze,2024-10-14,True
C00163,Hamza,Lee,hamza.lee.163@example.com,+92-325-6862637,Faisalabad,Bronze,2026-02-18,True
C00164,Noah,Malik,noah.malik.164@example.com,+92-322-7200220,Faisalabad,Bronze,2024-10-23,True
C00165,Amna,Martin,amna.martin.165@example.com,+92-300-7662281,Rawalpindi,Silver,2024-05-17,True
C00166,James,Patel,james.patel.166@example.com,+92-335-5907363,Karachi,Gold,2026-04-03,True
C00167,Zoya,Taylor,zoya.taylor.167@example.com,+92-322-9059866,Faisalabad,Bronze,2026-05-10,True
C00168,Ibrahim,Robinson,ibrahim.robinson.168@example.com,+92-310-5834972,Karachi,Gold,2025-02-26,True
C00169,Noah,Miller,noah.miller.169@example.com,+92-338-9954913,Multan,Bronze,2024-05-12,True
C00170,Arham,Ahmed,arham.ahmed.170@example.com,+92-346-5075132,Islamabad,Bronze,2025-06-17,True
C00171,Aisha,Malik,aisha.malik.171@example.com,+92-317-8952654,Faisalabad,Bronze,2025-12-05,True
C00172,Fatima,Khan,fatima.khan.172@example.com,+92-322-5145246,Karachi,Bronze,2025-05-11,True
C00173,Arham,Iqbal,arham.iqbal.173@example.com,+92-349-6666192,Rawalpindi,Silver,2025-06-28,True
C00174,James,Garcia,james.garcia.174@example.com,+92-340-7158209,Islamabad,Gold,2026-02-10,True
C00175,Arham,Patel,arham.patel.175@example.com,+92-303-1467529,Karachi,Bronze,2025-07-28,True
C00176,Sara,Raza,sara.raza.176@example.com,+92-327-7324544,Faisalabad,Bronze,2025-05-06,True
C00177,Sophia,Raza,sophia.raza.177@example.com,+92-318-6376161,Faisalabad,Silver,2025-01-21,True
C00178,Maham,Wilson,maham.wilson.178@example.com,+92-308-3005239,Lahore,Gold,2025-02-26,True
C00179,Maham,Malik,maham.malik.179@example.com,+92-312-8931522,Lahore,Bronze,2025-10-08,True
C00180,Hamza,Ali,hamza.ali.180@example.com,+92-345-2365139,Lahore,Silver,2024-06-09,True
C00181,Maya,Brown,maya.brown.181@example.com,+92-313-2720116,Islamabad,Gold,2024-06-07,True
C00182,Sophia,Shah,sophia.shah.182@example.com,+92-301-3102010,Karachi,Bronze,2025-12-29,True
C00183,Maryam,Smith,maryam.smith.183@example.com,+92-313-8073582,Multan,Bronze,2024-02-17,True
C00184,Maryam,Taylor,maryam.taylor.184@example.com,+92-344-6469481,Karachi,Gold,2024-03-25,True
C00185,Daniel,Taylor,daniel.taylor.185@example.com,+92-321-2264895,Lahore,Bronze,2024-02-10,True
C00186,Hamza,Johnson,hamza.johnson.186@example.com,+92-316-6069181,Lahore,Bronze,2025-11-12,True
C00187,Omar,Robinson,omar.robinson.187@example.com,+92-315-9539298,Faisalabad,Bronze,2024-06-22,True
C00188,William,Brown,william.brown.188@example.com,+92-318-9633841,Faisalabad,Gold,2025-06-04,True
C00189,Daniel,Wilson,daniel.wilson.189@example.com,+92-308-8500281,Faisalabad,Bronze,2025-06-06,True
C00190,Rayan,Iqbal,rayan.iqbal.190@example.com,+92-332-8606494,Lahore,Silver,2024-09-27,True
C00191,Sophia,Davis,sophia.davis.191@example.com,+92-326-3033846,Multan,Silver,2025-07-19,True
C00192,William,Miller,william.miller.192@example.com,+92-317-9475549,Faisalabad,Bronze,2025-04-09,True
C00193,Liam,Davis,liam.davis.193@example.com,+92-300-4307719,Lahore,Bronze,2024-09-07,True
C00194,Maya,Brown,maya.brown.194@example.com,+92-348-8510036,Lahore,Silver,2025-09-26,True
C00195,Noah,Ali,noah.ali.195@example.com,+92-335-6141462,Multan,Bronze,2024-09-23,True
C00196,Olivia,Ali,olivia.ali.196@example.com,+92-312-3075369,Lahore,Bronze,2025-09-07,True
C00197,James,Raza,james.raza.197@example.com,+92-316-1008671,Multan,Gold,2024-11-03,True
C00198,Emma,Taylor,emma.taylor.198@example.com,+92-314-9050739,Multan,Bronze,2026-01-06,True
C00199,Daniel,Martin,daniel.martin.199@example.com,+92-310-1383754,Karachi,Bronze,2024-03-31,True
C00200,Noah,Ahmed,noah.ahmed.200@example.com,+92-347-6739425,Faisalabad,Gold,2024-12-18,True
C00201,Hania,Patel,hania.patel.201@example.com,+92-312-1031480,Multan,Silver,2025-12-03,True
C00202,Fatima,Brown,fatima.brown.202@example.com,+92-318-5281514,Islamabad,Silver,2024-08-27,True
C00203,William,Martin,william.martin.203@example.com,+92-330-7996813,Lahore,Bronze,2024-07-21,True
C00204,James,Davis,james.davis.204@example.com,+92-307-1903943,Multan,Silver,2025-03-16,True
C00205,Zara,Garcia,zara.garcia.205@example.com,+92-329-8882628,Lahore,Silver,2024-01-02,True
C00206,Hania,Taylor,hania.taylor.206@example.com,+92-319-6438663,Lahore,Gold,2026-01-18,True
C00207,Hania,Miller,hania.miller.207@example.com,+92-311-4570567,Rawalpindi,Bronze,2025-10-12,True
C00208,Sophia,Patel,sophia.patel.208@example.com,+92-325-6576602,Lahore,Silver,2024-12-17,True
C00209,Ali,Ahmed,ali.ahmed.209@example.com,+92-310-5942265,Multan,Bronze,2024-05-28,True
C00210,Hamza,Martin,hamza.martin.210@example.com,+92-348-3499377,Multan,Gold,2024-05-05,True
C00211,Zara,Patel,zara.patel.211@example.com,+92-318-5577183,Islamabad,Gold,2025-09-15,False
C00212,John,Robinson,john.robinson.212@example.com,+92-328-6777232,Karachi,Bronze,2024-07-20,True
C00213,Ibrahim,Khan,ibrahim.khan.213@example.com,+92-318-8103867,Karachi,Silver,2025-05-01,True
C00214,John,Smith,john.smith.214@example.com,+92-313-5587419,Multan,Bronze,2025-06-07,True
C00215,William,Brown,william.brown.215@example.com,+92-319-7332910,Islamabad,Silver,2024-04-27,True
C00216,Aarav,Malik,aarav.malik.216@example.com,+92-337-2211213,Islamabad,Gold,2026-03-04,True
C00217,Aisha,Smith,aisha.smith.217@example.com,+92-321-7079466,Rawalpindi,Silver,2024-02-22,True
C00218,Arham,Garcia,arham.garcia.218@example.com,+92-315-3800759,Lahore,Bronze,2025-03-19,True
C00219,Hamza,Robinson,hamza.robinson.219@example.com,+92-333-4772425,Faisalabad,Bronze,2025-11-16,True
C00220,Maham,Smith,maham.smith.220@example.com,+92-308-8466599,Lahore,Silver,2025-06-27,True
C00221,Noah,Martin,noah.martin.221@example.com,+92-325-9744175,Rawalpindi,Silver,2026-05-13,True
C00222,Zara,Lee,zara.lee.222@example.com,+92-300-5698404,Rawalpindi,Silver,2025-08-12,True
C00223,Zara,Hussain,zara.hussain.223@example.com,+92-342-7331691,Rawalpindi,Bronze,2024-09-03,True
C00224,James,Shah,james.shah.224@example.com,+92-343-7232883,Lahore,Bronze,2026-03-22,True
C00225,Fatima,Davis,fatima.davis.225@example.com,+92-346-8221384,Islamabad,Silver,2024-03-20,True
C00226,Fatima,Patel,fatima.patel.226@example.com,+92-317-5771655,Faisalabad,Bronze,2025-05-17,True
C00227,Adam,Smith,adam.smith.227@example.com,+92-304-9393810,Islamabad,Bronze,2025-01-13,True
C00228,Olivia,Davis,olivia.davis.228@example.com,+92-340-8090995,Multan,Bronze,2025-10-12,True
C00229,Usman,Taylor,usman.taylor.229@example.com,+92-345-4711086,Islamabad,Bronze,2024-01-09,True
C00230,Omar,Johnson,omar.johnson.230@example.com,+92-307-6646259,Lahore,Bronze,2026-04-16,True
C00231,Hassan,Brown,hassan.brown.231@example.com,+92-329-6895525,Islamabad,Bronze,2026-01-27,True
C00232,John,Shah,john.shah.232@example.com,+92-335-8057028,Multan,Gold,2025-10-22,True
C00233,Arham,Taylor,arham.taylor.233@example.com,+92-334-5287148,Multan,Bronze,2024-09-12,True
C00234,Zara,Garcia,zara.garcia.234@example.com,+92-324-6374973,Lahore,Gold,2026-03-28,True
C00235,Olivia,Davis,olivia.davis.235@example.com,+92-316-8171983,Faisalabad,Silver,2024-07-09,True
C00236,Zoya,Khan,zoya.khan.236@example.com,+92-304-8968965,Multan,Bronze,2025-11-24,True
C00237,Rayan,Iqbal,rayan.iqbal.237@example.com,+92-348-4930214,Karachi,Gold,2026-01-07,True
C00238,Adam,Ahmed,adam.ahmed.238@example.com,+92-300-1066095,Faisalabad,Gold,2024-05-14,True
C00239,Omar,Shah,omar.shah.239@example.com,+92-348-5373764,Islamabad,Gold,2025-07-22,True
C00240,Liam,Smith,liam.smith.240@example.com,+92-338-9950594,Rawalpindi,Silver,2024-06-24,True
C00241,Aarav,Lee,aarav.lee.241@example.com,+92-333-5198441,Islamabad,Silver,2025-09-20,True
C00242,William,Wilson,william.wilson.242@example.com,+92-319-5284228,Multan,Bronze,2026-05-05,True
C00243,Fatima,Iqbal,fatima.iqbal.243@example.com,+92-310-1310469,Faisalabad,Bronze,2025-02-14,True
C00244,James,Miller,james.miller.244@example.com,+92-332-8851311,Rawalpindi,Gold,2026-05-02,True
C00245,Ali,Johnson,ali.johnson.245@example.com,+92-311-7113390,Lahore,Bronze,2025-07-23,True
C00246,Anaya,Wilson,anaya.wilson.246@example.com,+92-348-9073806,Rawalpindi,Silver,2025-01-04,True
C00247,Liam,Lee,liam.lee.247@example.com,+92-349-8922255,Rawalpindi,Bronze,2024-03-25,True
C00248,Anaya,Johnson,anaya.johnson.248@example.com,+92-325-1970264,Karachi,Silver,2026-03-09,True
C00249,Hania,Khan,hania.khan.249@example.com,+92-319-8687844,Faisalabad,Silver,2024-04-02,True
C00250,Olivia,Brown,olivia.brown.250@example.com,+92-341-6048784,Multan,Bronze,2024-03-22,True
C00251,Daniel,Taylor,daniel.taylor.251@example.com,+92-306-6770479,Islamabad,Bronze,2025-10-29,True
C00252,Zoya,Ali,zoya.ali.252@example.com,+92-330-2689065,Rawalpindi,Bronze,2024-04-22,True
C00253,Rayan,Hussain,rayan.hussain.253@example.com,+92-337-6379513,Islamabad,Gold,2024-12-16,True
C00254,Rayan,Miller,rayan.miller.254@example.com,+92-344-7496649,Multan,Bronze,2026-01-22,True
C00255,Adam,Ali,adam.ali.255@example.com,+92-320-2332313,Islamabad,Bronze,2024-09-25,True
C00256,Hania,Johnson,hania.johnson.256@example.com,+92-305-3182293,Karachi,Bronze,2024-03-21,True
C00257,Rayan,Garcia,rayan.garcia.257@example.com,+92-323-9665483,Rawalpindi,Silver,2025-05-07,True
C00258,Maryam,Ahmed,maryam.ahmed.258@example.com,+92-318-1162015,Karachi,Silver,2025-11-25,True
C00259,Sara,Iqbal,sara.iqbal.259@example.com,+92-318-8217066,Islamabad,Bronze,2024-06-08,True
C00260,Sara,Davis,sara.davis.260@example.com,+92-325-6745017,Rawalpindi,Bronze,2024-08-22,True
C00261,Daniel,Shah,daniel.shah.261@example.com,+92-331-6065504,Faisalabad,Bronze,2024-05-11,True
C00262,Rayan,Taylor,rayan.taylor.262@example.com,+92-318-2464594,Islamabad,Bronze,2025-11-18,True
C00263,Liam,Iqbal,liam.iqbal.263@example.com,+92-347-4259825,Islamabad,Bronze,2026-02-26,True
C00264,Daniel,Raza,daniel.raza.264@example.com,+92-319-6544565,Islamabad,Gold,2025-11-14,True
C00265,Hania,Patel,hania.patel.265@example.com,+92-302-7328978,Lahore,Gold,2026-05-03,True
C00266,Rayan,Wilson,rayan.wilson.266@example.com,+92-325-2156238,Karachi,Bronze,2025-06-05,False
C00267,Omar,Ahmed,omar.ahmed.267@example.com,+92-318-5549919,Karachi,Gold,2026-03-23,True
C00268,Ibrahim,Lee,ibrahim.lee.268@example.com,+92-305-8760470,Karachi,Bronze,2025-03-21,True
C00269,Olivia,Lee,olivia.lee.269@example.com,+92-346-9674779,Islamabad,Bronze,2025-11-05,True
C00270,Amna,Raza,amna.raza.270@example.com,+92-305-3537557,Rawalpindi,Silver,2024-03-26,True
C00271,William,Miller,william.miller.271@example.com,+92-315-4885263,Karachi,Bronze,2025-10-22,True
C00272,Omar,Khan,omar.khan.272@example.com,+92-331-7598742,Faisalabad,Bronze,2024-04-03,True
C00273,Anaya,Ali,anaya.ali.273@example.com,+92-348-2241618,Islamabad,Bronze,2025-03-06,True
C00274,William,Hussain,william.hussain.274@example.com,+92-345-6663121,Rawalpindi,Bronze,2026-01-17,True
C00275,Sara,Raza,sara.raza.275@example.com,+92-336-8548316,Islamabad,Silver,2025-04-14,True
C00276,James,Martin,james.martin.276@example.com,+92-331-6765975,Lahore,Bronze,2025-10-30,True
C00277,Amna,Martin,amna.martin.277@example.com,+92-313-7049369,Lahore,Bronze,2025-10-23,True
C00278,Arham,Johnson,arham.johnson.278@example.com,+92-310-4098742,Rawalpindi,Bronze,2024-07-20,True
C00279,Rayan,Brown,rayan.brown.279@example.com,+92-320-8773133,Faisalabad,Bronze,2024-10-25,True
C00280,Maya,Miller,maya.miller.280@example.com,+92-347-9715862,Faisalabad,Bronze,2024-04-24,True
C00281,Fatima,Iqbal,fatima.iqbal.281@example.com,+92-334-7240734,Karachi,Silver,2025-03-06,True
C00282,Daniel,Shah,daniel.shah.282@example.com,+92-330-7249542,Lahore,Bronze,2025-06-18,True
C00283,Ibrahim,Iqbal,ibrahim.iqbal.283@example.com,+92-309-5318476,Faisalabad,Bronze,2024-01-04,True
C00284,Ali,Robinson,ali.robinson.284@example.com,+92-306-3572998,Multan,Bronze,2026-05-07,True
C00285,Amna,Patel,amna.patel.285@example.com,+92-301-9863423,Faisalabad,Bronze,2026-04-29,True
C00286,Ali,Lee,ali.lee.286@example.com,+92-344-3255075,Multan,Bronze,2024-05-17,True
C00287,Maryam,Raza,maryam.raza.287@example.com,+92-343-5905788,Lahore,Gold,2024-04-07,True
C00288,Rayan,Malik,rayan.malik.288@example.com,+92-305-7231828,Multan,Silver,2024-12-24,True
C00289,James,Johnson,james.johnson.289@example.com,+92-306-5968640,Islamabad,Bronze,2025-12-14,True
C00290,Arham,Iqbal,arham.iqbal.290@example.com,+92-306-1885763,Multan,Silver,2024-03-27,True
C00291,Adam,Miller,adam.miller.291@example.com,+92-319-9583866,Karachi,Bronze,2025-04-07,True
C00292,William,Iqbal,william.iqbal.292@example.com,+92-319-2696341,Faisalabad,Silver,2025-06-20,True
C00293,Sophia,Johnson,sophia.johnson.293@example.com,+92-335-3189303,Karachi,Bronze,2024-05-25,True
C00294,Aisha,Brown,aisha.brown.294@example.com,+92-329-2287699,Islamabad,Bronze,2024-04-05,True
C00295,Hania,Miller,hania.miller.295@example.com,+92-340-1246186,Islamabad,Bronze,2024-08-07,True
C00296,Sara,Robinson,sara.robinson.296@example.com,+92-349-7646828,Faisalabad,Bronze,2025-05-20,True
C00297,Hamza,Iqbal,hamza.iqbal.297@example.com,+92-321-6252526,Rawalpindi,Silver,2025-10-08,True
C00298,Omar,Ali,omar.ali.298@example.com,+92-322-8625616,Karachi,Silver,2025-09-17,True
C00299,Sophia,Ali,sophia.ali.299@example.com,+92-311-8015679,Islamabad,Bronze,2024-09-11,True
C00300,Liam,Shah,liam.shah.300@example.com,+92-334-7198705,Faisalabad,Silver,2025-04-29,True
C00301,Maya,Iqbal,maya.iqbal.301@example.com,+92-342-2880911,Islamabad,Silver,2024-11-07,True
C00302,Ali,Patel,ali.patel.302@example.com,+92-323-7881797,Faisalabad,Bronze,2025-10-12,True
C00303,Liam,Lee,liam.lee.303@example.com,+92-341-1532455,Rawalpindi,Silver,2025-08-22,True
C00304,Maryam,Raza,maryam.raza.304@example.com,+92-317-9962832,Islamabad,Bronze,2025-08-04,True
C00305,Sophia,Garcia,sophia.garcia.305@example.com,+92-346-7672770,Lahore,Gold,2024-05-25,True
C00306,Maya,Hussain,maya.hussain.306@example.com,+92-349-3761134,Rawalpindi,Bronze,2024-05-20,True
C00307,Sophia,Smith,sophia.smith.307@example.com,+92-338-8345074,Multan,Silver,2025-06-15,True
C00308,Noah,Davis,noah.davis.308@example.com,+92-304-1720907,Lahore,Silver,2025-01-14,True
C00309,Arham,Davis,arham.davis.309@example.com,+92-329-8029638,Lahore,Silver,2025-05-15,False
C00310,Maham,Martin,maham.martin.310@example.com,+92-341-1389413,Karachi,Bronze,2025-06-20,True
C00311,Liam,Smith,liam.smith.311@example.com,+92-334-1218235,Karachi,Silver,2025-12-16,True
C00312,Liam,Johnson,liam.johnson.312@example.com,+92-329-8904748,Rawalpindi,Bronze,2025-01-22,True
C00313,Liam,Ali,liam.ali.313@example.com,+92-313-7930589,Islamabad,Bronze,2024-01-09,True
C00314,Sophia,Khan,sophia.khan.314@example.com,+92-345-2822843,Lahore,Silver,2026-01-31,True
C00315,Aisha,Wilson,aisha.wilson.315@example.com,+92-300-1312227,Lahore,Silver,2026-01-10,True
C00316,Maya,Khan,maya.khan.316@example.com,+92-326-8774731,Lahore,Gold,2025-01-02,True
C00317,Arham,Robinson,arham.robinson.317@example.com,+92-343-6855440,Islamabad,Gold,2025-09-29,True
C00318,Hania,Johnson,hania.johnson.318@example.com,+92-305-1311020,Lahore,Silver,2025-04-08,True
C00319,John,Taylor,john.taylor.319@example.com,+92-308-7366050,Islamabad,Bronze,2026-01-01,True
C00320,Hassan,Taylor,hassan.taylor.320@example.com,+92-347-1096311,Islamabad,Gold,2025-08-09,True
C00321,Hamza,Shah,hamza.shah.321@example.com,+92-309-3288776,Islamabad,Gold,2026-02-20,True
C00322,Daniel,Shah,daniel.shah.322@example.com,+92-300-4702774,Karachi,Bronze,2026-04-15,True
C00323,Maryam,Iqbal,maryam.iqbal.323@example.com,+92-337-6487303,Rawalpindi,Bronze,2026-04-08,True
C00324,Adam,Smith,adam.smith.324@example.com,+92-335-2117964,Lahore,Bronze,2025-02-27,True
C00325,Hania,Khan,hania.khan.325@example.com,+92-312-6106294,Faisalabad,Silver,2024-07-13,True
C00326,Fatima,Robinson,fatima.robinson.326@example.com,+92-309-6139412,Rawalpindi,Bronze,2025-11-08,True
C00327,John,Hussain,john.hussain.327@example.com,+92-324-3380772,Multan,Silver,2024-05-11,True
C00328,Zoya,Ahmed,zoya.ahmed.328@example.com,+92-300-2806393,Multan,Bronze,2024-04-12,True
C00329,Olivia,Brown,olivia.brown.329@example.com,+92-342-8436997,Faisalabad,Bronze,2025-03-27,True
C00330,Usman,Garcia,usman.garcia.330@example.com,+92-334-2832706,Faisalabad,Gold,2024-05-31,True
C00331,Daniel,Brown,daniel.brown.331@example.com,+92-346-2841141,Rawalpindi,Silver,2024-02-03,False
C00332,Aarav,Raza,aarav.raza.332@example.com,+92-305-5615445,Faisalabad,Silver,2025-04-03,True
C00333,Hania,Malik,hania.malik.333@example.com,+92-319-8063166,Lahore,Silver,2025-08-11,True
C00334,Sophia,Lee,sophia.lee.334@example.com,+92-300-9161529,Multan,Silver,2025-02-01,True
C00335,William,Wilson,william.wilson.335@example.com,+92-318-1043036,Multan,Gold,2026-05-07,True
C00336,Daniel,Robinson,daniel.robinson.336@example.com,+92-301-2645544,Lahore,Bronze,2024-02-23,True
C00337,Adam,Patel,adam.patel.337@example.com,+92-301-5570161,Lahore,Silver,2025-12-04,True
C00338,Fatima,Malik,fatima.malik.338@example.com,+92-337-1576127,Rawalpindi,Gold,2025-07-13,True
C00339,Omar,Smith,omar.smith.339@example.com,+92-335-3916012,Faisalabad,Silver,2024-11-08,True
C00340,Amna,Martin,amna.martin.340@example.com,+92-338-7898663,Karachi,Bronze,2023-12-31,True
C00341,Aarav,Khan,aarav.khan.341@example.com,+92-322-4119762,Islamabad,Bronze,2025-03-29,True
C00342,Olivia,Lee,olivia.lee.342@example.com,+92-333-5281653,Faisalabad,Bronze,2025-03-18,True
C00343,Arham,Raza,arham.raza.343@example.com,+92-319-5328812,Lahore,Silver,2025-05-20,True
C00344,James,Ali,james.ali.344@example.com,+92-321-5755251,Faisalabad,Silver,2025-01-13,True
C00345,Ibrahim,Iqbal,ibrahim.iqbal.345@example.com,+92-349-4311071,Rawalpindi,Bronze,2024-07-26,True
C00346,Ali,Hussain,ali.hussain.346@example.com,+92-339-6165261,Karachi,Silver,2025-12-30,True
C00347,Aisha,Taylor,aisha.taylor.347@example.com,+92-306-2923929,Faisalabad,Silver,2024-11-24,True
C00348,William,Ali,william.ali.348@example.com,+92-345-9076740,Islamabad,Gold,2025-10-27,True
C00349,John,Taylor,john.taylor.349@example.com,+92-309-4669864,Multan,Bronze,2025-02-11,True
C00350,Daniel,Garcia,daniel.garcia.350@example.com,+92-336-2161037,Multan,Silver,2024-09-29,True
C00351,Anaya,Malik,anaya.malik.351@example.com,+92-327-8116666,Karachi,Silver,2025-07-18,True
C00352,Arham,Davis,arham.davis.352@example.com,+92-300-3894702,Rawalpindi,Bronze,2024-12-05,False
C00353,Hania,Brown,hania.brown.353@example.com,+92-323-7611119,Islamabad,Silver,2024-03-06,True
C00354,Maryam,Garcia,maryam.garcia.354@example.com,+92-318-4943698,Karachi,Bronze,2025-10-04,True
C00355,Zara,Lee,zara.lee.355@example.com,+92-308-5623551,Karachi,Bronze,2025-10-13,True
C00356,Maryam,Taylor,maryam.taylor.356@example.com,+92-300-7177323,Karachi,Bronze,2025-09-07,True
C00357,Fatima,Raza,fatima.raza.357@example.com,+92-346-9391862,Multan,Silver,2024-03-20,True
C00358,Ibrahim,Iqbal,ibrahim.iqbal.358@example.com,+92-348-6152279,Faisalabad,Bronze,2024-01-19,True
C00359,Rayan,Robinson,rayan.robinson.359@example.com,+92-335-3217121,Lahore,Bronze,2025-01-07,True
C00360,Anaya,Hussain,anaya.hussain.360@example.com,+92-334-4058267,Faisalabad,Bronze,2024-02-04,True
C00361,Aarav,Smith,aarav.smith.361@example.com,+92-349-3367943,Faisalabad,Silver,2025-12-22,True
C00362,Ali,Iqbal,ali.iqbal.362@example.com,+92-329-4608417,Lahore,Bronze,2024-03-03,True
C00363,Ali,Lee,ali.lee.363@example.com,+92-338-8304074,Islamabad,Bronze,2024-04-11,True
C00364,Amna,Johnson,amna.johnson.364@example.com,+92-331-5582473,Lahore,Bronze,2025-12-31,True
C00365,Hania,Smith,hania.smith.365@example.com,+92-335-5048850,Rawalpindi,Silver,2024-12-20,True
C00366,Ibrahim,Brown,ibrahim.brown.366@example.com,+92-319-4327314,Rawalpindi,Bronze,2024-01-27,True
C00367,Rayan,Martin,rayan.martin.367@example.com,+92-310-5084424,Rawalpindi,Bronze,2024-10-13,True
C00368,Daniel,Shah,daniel.shah.368@example.com,+92-333-1960484,Lahore,Bronze,2025-01-20,True
C00369,William,Smith,william.smith.369@example.com,+92-325-8506011,Lahore,Gold,2023-12-20,True
C00370,Ibrahim,Wilson,ibrahim.wilson.370@example.com,+92-301-4163201,Lahore,Bronze,2025-10-16,True
C00371,Adam,Lee,adam.lee.371@example.com,+92-333-6769207,Faisalabad,Bronze,2024-01-17,True
C00372,Olivia,Brown,olivia.brown.372@example.com,+92-341-6137288,Islamabad,Silver,2024-07-29,True
C00373,Emma,Ahmed,emma.ahmed.373@example.com,+92-306-3019108,Rawalpindi,Silver,2025-05-25,True
C00374,Noah,Hussain,noah.hussain.374@example.com,+92-309-5508040,Karachi,Silver,2025-05-13,True
C00375,Ibrahim,Taylor,ibrahim.taylor.375@example.com,+92-329-4721677,Karachi,Bronze,2025-04-14,True
C00376,Usman,Johnson,usman.johnson.376@example.com,+92-314-4924056,Islamabad,Bronze,2024-09-13,True
C00377,Anaya,Khan,anaya.khan.377@example.com,+92-342-8846335,Faisalabad,Silver,2024-11-15,True
C00378,Ibrahim,Johnson,ibrahim.johnson.378@example.com,+92-324-9451163,Karachi,Silver,2024-06-11,True
C00379,Zara,Miller,zara.miller.379@example.com,+92-302-2599682,Faisalabad,Bronze,2025-02-05,True
C00380,Maryam,Malik,maryam.malik.380@example.com,+92-310-8097972,Karachi,Bronze,2025-09-18,True
C00381,Sara,Smith,sara.smith.381@example.com,+92-327-1058316,Rawalpindi,Bronze,2025-11-20,True
C00382,Hamza,Patel,hamza.patel.382@example.com,+92-301-8880549,Multan,Gold,2025-01-23,True
C00383,Olivia,Khan,olivia.khan.383@example.com,+92-340-3748610,Islamabad,Bronze,2025-12-09,True
C00384,Ali,Davis,ali.davis.384@example.com,+92-301-5781418,Karachi,Bronze,2025-07-02,False
C00385,Olivia,Hussain,olivia.hussain.385@example.com,+92-312-1272592,Lahore,Bronze,2024-05-06,True
C00386,Daniel,Miller,daniel.miller.386@example.com,+92-305-5781376,Islamabad,Silver,2025-07-30,True
C00387,James,Ali,james.ali.387@example.com,+92-309-8761611,Islamabad,Bronze,2024-01-10,True
C00388,Ali,Johnson,ali.johnson.388@example.com,+92-341-2153567,Rawalpindi,Bronze,2024-01-25,True
C00389,Sophia,Johnson,sophia.johnson.389@example.com,+92-332-9576501,Rawalpindi,Bronze,2024-02-06,True
C00390,Maryam,Martin,maryam.martin.390@example.com,+92-341-2827959,Karachi,Gold,2025-02-12,True
C00391,Sara,Davis,sara.davis.391@example.com,+92-309-3504719,Rawalpindi,Bronze,2024-08-22,True
C00392,Usman,Smith,usman.smith.392@example.com,+92-334-8851556,Rawalpindi,Bronze,2024-08-13,False
C00393,Ibrahim,Wilson,ibrahim.wilson.393@example.com,+92-322-6409565,Rawalpindi,Silver,2024-07-24,True
C00394,Amna,Malik,amna.malik.394@example.com,+92-317-2794966,Lahore,Bronze,2024-01-13,True
C00395,Rayan,Lee,rayan.lee.395@example.com,+92-317-3006587,Karachi,Bronze,2025-02-04,True
C00396,Maryam,Smith,maryam.smith.396@example.com,+92-312-6960065,Karachi,Gold,2024-03-27,True
C00397,Noah,Smith,noah.smith.397@example.com,+92-316-7910636,Islamabad,Silver,2024-10-05,True
C00398,Ali,Raza,ali.raza.398@example.com,+92-315-9029141,Islamabad,Bronze,2025-05-06,True
C00399,Olivia,Johnson,olivia.johnson.399@example.com,+92-316-2984640,Faisalabad,Bronze,2025-09-23,True
C00400,Noah,Martin,noah.martin.400@example.com,+92-341-4654105,Islamabad,Bronze,2025-12-03,True
C00401,Hassan,Smith,hassan.smith.401@example.com,+92-348-5791717,Multan,Bronze,2024-02-04,True
C00402,Sara,Iqbal,sara.iqbal.402@example.com,+92-312-3326025,Multan,Bronze,2026-01-25,True
C00403,William,Iqbal,william.iqbal.403@example.com,+92-342-6113246,Rawalpindi,Silver,2023-12-28,True
C00404,Aarav,Malik,aarav.malik.404@example.com,+92-338-1563467,Lahore,Bronze,2024-11-24,True
C00405,Aisha,Patel,aisha.patel.405@example.com,+92-323-8021381,Faisalabad,Silver,2026-05-09,False
C00406,Maya,Ali,maya.ali.406@example.com,+92-343-1119863,Lahore,Bronze,2025-02-18,True
C00407,Amna,Shah,amna.shah.407@example.com,+92-312-4334503,Rawalpindi,Bronze,2024-10-13,True
C00408,William,Patel,william.patel.408@example.com,+92-330-6581175,Rawalpindi,Silver,2025-05-14,True
C00409,Amna,Wilson,amna.wilson.409@example.com,+92-320-9785097,Faisalabad,Silver,2024-04-13,True
C00410,Hamza,Malik,hamza.malik.410@example.com,+92-335-4885901,Karachi,Bronze,2024-03-28,True
C00411,Omar,Miller,omar.miller.411@example.com,+92-310-6544235,Islamabad,Bronze,2024-12-04,True
C00412,Maham,Iqbal,maham.iqbal.412@example.com,+92-313-3611361,Lahore,Gold,2025-09-19,True
C00413,Maya,Johnson,maya.johnson.413@example.com,+92-346-1991662,Multan,Bronze,2025-11-03,True
C00414,Zoya,Johnson,zoya.johnson.414@example.com,+92-327-1037572,Multan,Gold,2025-03-12,True
C00415,Maya,Raza,maya.raza.415@example.com,+92-300-4887228,Faisalabad,Silver,2025-07-12,True
C00416,John,Hussain,john.hussain.416@example.com,+92-324-1914853,Lahore,Bronze,2025-04-24,True
C00417,Olivia,Lee,olivia.lee.417@example.com,+92-314-4138931,Lahore,Silver,2024-04-14,True
C00418,Usman,Miller,usman.miller.418@example.com,+92-321-4217960,Multan,Bronze,2025-04-10,True
C00419,Hassan,Martin,hassan.martin.419@example.com,+92-305-2601703,Rawalpindi,Bronze,2025-10-24,True
C00420,Liam,Ahmed,liam.ahmed.420@example.com,+92-329-4152434,Multan,Gold,2025-09-13,True
C00421,Daniel,Raza,daniel.raza.421@example.com,+92-305-8289554,Islamabad,Bronze,2025-01-26,True
C00422,Rayan,Lee,rayan.lee.422@example.com,+92-322-3574811,Multan,Silver,2023-12-28,True
C00423,Emma,Davis,emma.davis.423@example.com,+92-345-7493274,Lahore,Silver,2025-04-24,True
C00424,Hassan,Brown,hassan.brown.424@example.com,+92-326-9636092,Faisalabad,Bronze,2024-03-01,True
C00425,Maya,Lee,maya.lee.425@example.com,+92-305-9297605,Faisalabad,Silver,2025-02-09,True
C00426,Arham,Malik,arham.malik.426@example.com,+92-349-1491391,Islamabad,Silver,2025-03-04,True
C00427,James,Wilson,james.wilson.427@example.com,+92-314-2073824,Multan,Silver,2024-01-03,True
C00428,Rayan,Miller,rayan.miller.428@example.com,+92-315-8915834,Faisalabad,Silver,2024-04-02,True
C00429,Fatima,Ahmed,fatima.ahmed.429@example.com,+92-346-6895668,Faisalabad,Bronze,2024-05-23,False
C00430,Zoya,Taylor,zoya.taylor.430@example.com,+92-324-9462037,Rawalpindi,Bronze,2025-01-23,True
C00431,Hamza,Raza,hamza.raza.431@example.com,+92-321-1976159,Multan,Bronze,2025-01-13,True
C00432,Maham,Lee,maham.lee.432@example.com,+92-320-2714069,Lahore,Silver,2025-10-09,True
C00433,Sophia,Brown,sophia.brown.433@example.com,+92-321-9603058,Lahore,Bronze,2025-04-24,True
C00434,Ibrahim,Lee,ibrahim.lee.434@example.com,+92-303-6184166,Faisalabad,Silver,2025-08-17,True
C00435,Sara,Shah,sara.shah.435@example.com,+92-329-8498137,Lahore,Gold,2025-04-03,True
C00436,Omar,Robinson,omar.robinson.436@example.com,+92-323-6938081,Multan,Bronze,2025-02-12,True
C00437,Adam,Taylor,adam.taylor.437@example.com,+92-317-2076328,Islamabad,Gold,2024-06-11,True
C00438,Sara,Lee,sara.lee.438@example.com,+92-349-3324657,Karachi,Silver,2025-12-02,True
C00439,Hamza,Lee,hamza.lee.439@example.com,+92-343-4858802,Faisalabad,Bronze,2025-03-11,True
C00440,James,Khan,james.khan.440@example.com,+92-335-6986884,Rawalpindi,Bronze,2024-11-25,True
C00441,Adam,Khan,adam.khan.441@example.com,+92-310-5614839,Multan,Silver,2024-03-04,True
C00442,Daniel,Khan,daniel.khan.442@example.com,+92-319-5132484,Rawalpindi,Silver,2025-02-09,True
C00443,Noah,Patel,noah.patel.443@example.com,+92-319-7582997,Faisalabad,Bronze,2026-02-25,True
C00444,Arham,Iqbal,arham.iqbal.444@example.com,+92-312-7104474,Rawalpindi,Bronze,2026-01-01,True
C00445,Anaya,Hussain,anaya.hussain.445@example.com,+92-324-6656823,Multan,Bronze,2024-08-15,True
C00446,Zoya,Robinson,zoya.robinson.446@example.com,+92-329-9734794,Karachi,Silver,2025-10-19,True
C00447,Fatima,Iqbal,fatima.iqbal.447@example.com,+92-344-9065220,Karachi,Bronze,2025-12-15,True
C00448,Aisha,Robinson,aisha.robinson.448@example.com,+92-325-7662438,Multan,Bronze,2025-05-13,True
C00449,Liam,Johnson,liam.johnson.449@example.com,+92-306-2774203,Lahore,Bronze,2025-02-24,True
C00450,Sophia,Wilson,sophia.wilson.450@example.com,+92-327-9794811,Rawalpindi,Bronze,2024-02-07,True
C00451,Aisha,Davis,aisha.davis.451@example.com,+92-317-2254481,Islamabad,Bronze,2024-04-12,True
C00452,James,Johnson,james.johnson.452@example.com,+92-328-2042341,Multan,Bronze,2024-07-30,True
C00453,James,Patel,james.patel.453@example.com,+92-345-7331024,Faisalabad,Gold,2024-01-20,True
C00454,Anaya,Shah,anaya.shah.454@example.com,+92-331-4204748,Islamabad,Bronze,2024-08-29,True
C00455,Anaya,Patel,anaya.patel.455@example.com,+92-328-1575227,Faisalabad,Bronze,2026-01-29,True
C00456,Maya,Martin,maya.martin.456@example.com,+92-320-4533558,Karachi,Bronze,2025-10-29,True
C00457,Ibrahim,Patel,ibrahim.patel.457@example.com,+92-325-4764518,Lahore,Bronze,2024-01-14,True
C00458,Noah,Wilson,noah.wilson.458@example.com,+92-303-8994569,Faisalabad,Bronze,2025-05-31,True
C00459,Anaya,Johnson,anaya.johnson.459@example.com,+92-321-8789881,Faisalabad,Bronze,2024-07-08,True
C00460,William,Patel,william.patel.460@example.com,+92-321-9764732,Karachi,Silver,2024-02-28,True
C00461,Liam,Ali,liam.ali.461@example.com,+92-315-5607756,Karachi,Bronze,2024-09-24,True
C00462,Hania,Lee,hania.lee.462@example.com,+92-313-4881418,Lahore,Silver,2025-08-13,False
C00463,Arham,Johnson,arham.johnson.463@example.com,+92-342-1903437,Lahore,Silver,2024-12-27,True
C00464,James,Wilson,james.wilson.464@example.com,+92-328-8842818,Faisalabad,Gold,2024-05-07,False
C00465,Fatima,Brown,fatima.brown.465@example.com,+92-341-2515164,Islamabad,Silver,2024-10-19,False
C00466,John,Robinson,john.robinson.466@example.com,+92-336-3981279,Islamabad,Bronze,2024-12-01,True
C00467,Zara,Ahmed,zara.ahmed.467@example.com,+92-318-2236623,Islamabad,Bronze,2025-02-28,True
C00468,Ali,Robinson,ali.robinson.468@example.com,+92-319-9215638,Karachi,Silver,2024-02-11,True
C00469,Adam,Patel,adam.patel.469@example.com,+92-317-6873982,Islamabad,Bronze,2024-11-11,True
C00470,Sara,Hussain,sara.hussain.470@example.com,+92-325-7362534,Islamabad,Bronze,2024-01-16,True
C00471,Liam,Brown,liam.brown.471@example.com,+92-344-6279018,Lahore,Bronze,2024-07-19,True
C00472,Maya,Davis,maya.davis.472@example.com,+92-303-6169517,Lahore,Bronze,2024-04-08,True
C00473,Rayan,Lee,rayan.lee.473@example.com,+92-343-5003046,Faisalabad,Bronze,2024-08-08,True
C00474,Aarav,Davis,aarav.davis.474@example.com,+92-317-5880544,Karachi,Silver,2024-01-15,True
C00475,Hania,Ali,hania.ali.475@example.com,+92-339-3259227,Karachi,Bronze,2026-04-03,True
C00476,Zoya,Robinson,zoya.robinson.476@example.com,+92-315-2876758,Karachi,Bronze,2025-05-09,True
C00477,Daniel,Wilson,daniel.wilson.477@example.com,+92-325-2332298,Karachi,Silver,2025-09-28,True
C00478,Liam,Martin,liam.martin.478@example.com,+92-339-6883173,Lahore,Bronze,2025-12-23,True
C00479,Rayan,Ali,rayan.ali.479@example.com,+92-348-7402662,Multan,Bronze,2026-03-25,True
C00480,Sophia,Johnson,sophia.johnson.480@example.com,+92-321-5412608,Karachi,Bronze,2025-07-13,True
C00481,Maham,Patel,maham.patel.481@example.com,+92-315-9650904,Islamabad,Gold,2024-12-22,True
C00482,Hassan,Shah,hassan.shah.482@example.com,+92-327-6767224,Karachi,Bronze,2025-06-02,True
C00483,Liam,Khan,liam.khan.483@example.com,+92-326-5516094,Faisalabad,Silver,2025-03-31,True
C00484,Sara,Robinson,sara.robinson.484@example.com,+92-312-2940205,Multan,Bronze,2024-05-30,True
C00485,Liam,Ali,liam.ali.485@example.com,+92-305-9587490,Islamabad,Gold,2025-02-28,True
C00486,William,Hussain,william.hussain.486@example.com,+92-308-1756515,Lahore,Bronze,2024-09-30,True
C00487,Ibrahim,Miller,ibrahim.miller.487@example.com,+92-332-4867637,Faisalabad,Gold,2024-05-25,True
C00488,Aarav,Ahmed,aarav.ahmed.488@example.com,+92-313-5986266,Faisalabad,Silver,2025-05-31,True
C00489,Sophia,Lee,sophia.lee.489@example.com,+92-309-5873804,Multan,Bronze,2025-08-27,True
C00490,Olivia,Malik,olivia.malik.490@example.com,+92-320-9105044,Karachi,Bronze,2025-04-09,True
C00491,Maya,Hussain,maya.hussain.491@example.com,+92-301-2099799,Karachi,Silver,2025-01-07,True
C00492,Maya,Davis,maya.davis.492@example.com,+92-329-5152895,Faisalabad,Silver,2024-01-10,True
C00493,Hassan,Hussain,hassan.hussain.493@example.com,+92-341-8715602,Rawalpindi,Bronze,2026-02-24,True
C00494,Amna,Lee,amna.lee.494@example.com,+92-335-3475336,Lahore,Bronze,2025-11-19,True
C00495,Noah,Davis,noah.davis.495@example.com,+92-328-3789557,Rawalpindi,Gold,2025-01-02,True
C00496,Olivia,Garcia,olivia.garcia.496@example.com,+92-311-7701612,Multan,Silver,2025-11-25,True
C00497,Zoya,Patel,zoya.patel.497@example.com,+92-301-9448606,Rawalpindi,Silver,2024-11-26,True
C00498,Fatima,Raza,fatima.raza.498@example.com,+92-335-9459383,Islamabad,Bronze,2025-11-18,False
C00499,Ibrahim,Johnson,ibrahim.johnson.499@example.com,+92-348-4619584,Islamabad,Bronze,2026-05-08,True
C00500,Hania,Garcia,hania.garcia.500@example.com,+92-304-2564443,Lahore,Gold,2025-03-25,True
C00501,Zara,Iqbal,zara.iqbal.501@example.com,+92-303-2406152,Multan,Silver,2025-03-27,True
C00502,Hassan,Miller,hassan.miller.502@example.com,+92-327-8433503,Karachi,Silver,2026-04-12,True
C00503,John,Taylor,john.taylor.503@example.com,+92-346-1760169,Rawalpindi,Silver,2025-05-16,True
C00504,Anaya,Ali,anaya.ali.504@example.com,+92-320-2046353,Islamabad,Gold,2026-01-29,True
C00505,Omar,Khan,omar.khan.505@example.com,+92-309-1737398,Multan,Silver,2024-12-05,True
C00506,Amna,Johnson,amna.johnson.506@example.com,+92-340-7350194,Karachi,Bronze,2026-03-28,True
C00507,Ibrahim,Johnson,ibrahim.johnson.507@example.com,+92-310-3665571,Islamabad,Gold,2026-03-22,True
C00508,Zoya,Brown,zoya.brown.508@example.com,+92-325-3163700,Multan,Bronze,2024-03-05,True
C00509,Rayan,Garcia,rayan.garcia.509@example.com,+92-306-2312366,Islamabad,Bronze,2025-12-20,True
C00510,John,Malik,john.malik.510@example.com,+92-312-8533005,Islamabad,Silver,2025-04-10,True
C00511,Hassan,Ali,hassan.ali.511@example.com,+92-337-1812947,Islamabad,Silver,2025-05-06,True
C00512,Maya,Lee,maya.lee.512@example.com,+92-331-4425577,Faisalabad,Silver,2026-03-16,False
C00513,Olivia,Davis,olivia.davis.513@example.com,+92-306-6596825,Islamabad,Silver,2025-10-15,False
C00514,Anaya,Miller,anaya.miller.514@example.com,+92-347-3854921,Islamabad,Silver,2024-12-05,True
C00515,Hassan,Khan,hassan.khan.515@example.com,+92-308-8594112,Karachi,Bronze,2024-05-17,True
C00516,Maya,Martin,maya.martin.516@example.com,+92-307-5182189,Rawalpindi,Gold,2026-05-13,True
C00517,Aarav,Patel,aarav.patel.517@example.com,+92-313-4076772,Islamabad,Gold,2025-04-05,True
C00518,Hamza,Davis,hamza.davis.518@example.com,+92-328-9213321,Karachi,Silver,2024-08-10,True
C00519,John,Malik,john.malik.519@example.com,+92-336-4814804,Karachi,Bronze,2025-06-29,True
C00520,Amna,Garcia,amna.garcia.520@example.com,+92-335-6195599,Rawalpindi,Gold,2025-08-29,True
C00521,Hamza,Khan,hamza.khan.521@example.com,+92-300-6067724,Karachi,Silver,2024-03-02,True
C00522,Hamza,Khan,hamza.khan.522@example.com,+92-345-7592687,Multan,Silver,2024-12-07,True
C00523,Noah,Taylor,noah.taylor.523@example.com,+92-343-2210086,Karachi,Bronze,2024-04-05,True
C00524,Amna,Hussain,amna.hussain.524@example.com,+92-349-3047968,Lahore,Silver,2024-09-17,True
C00525,Zoya,Iqbal,zoya.iqbal.525@example.com,+92-311-6602381,Multan,Bronze,2026-05-02,True
C00526,Zoya,Ali,zoya.ali.526@example.com,+92-312-5292569,Faisalabad,Gold,2024-09-17,True
C00527,James,Ali,james.ali.527@example.com,+92-327-5458721,Faisalabad,Gold,2025-09-20,True
C00528,Hassan,Taylor,hassan.taylor.528@example.com,+92-331-3557331,Islamabad,Bronze,2024-02-01,True
C00529,Anaya,Johnson,anaya.johnson.529@example.com,+92-323-4834820,Rawalpindi,Bronze,2024-01-12,True
C00530,Adam,Iqbal,adam.iqbal.530@example.com,+92-344-2428300,Karachi,Bronze,2026-03-29,True
C00531,Hania,Shah,hania.shah.531@example.com,+92-342-9490035,Lahore,Silver,2025-12-22,True
C00532,Aarav,Ali,aarav.ali.532@example.com,+92-343-9991920,Multan,Silver,2025-12-09,False
C00533,Ali,Davis,ali.davis.533@example.com,+92-326-9785160,Lahore,Bronze,2025-10-11,True
C00534,Rayan,Lee,rayan.lee.534@example.com,+92-308-1334779,Faisalabad,Bronze,2024-06-22,True
C00535,Ali,Taylor,ali.taylor.535@example.com,+92-308-2487922,Karachi,Bronze,2024-02-25,True
C00536,James,Martin,james.martin.536@example.com,+92-305-2889355,Karachi,Silver,2024-10-28,True
C00537,Maryam,Khan,maryam.khan.537@example.com,+92-301-2136739,Faisalabad,Silver,2025-08-12,True
C00538,Maham,Hussain,maham.hussain.538@example.com,+92-324-8350679,Faisalabad,Bronze,2026-04-24,True
C00539,Maryam,Smith,maryam.smith.539@example.com,+92-317-9911091,Islamabad,Bronze,2024-05-01,True
C00540,Olivia,Taylor,olivia.taylor.540@example.com,+92-335-1746217,Multan,Silver,2024-06-02,True
C00541,Zara,Shah,zara.shah.541@example.com,+92-324-2266038,Multan,Bronze,2025-12-28,True
C00542,Amna,Wilson,amna.wilson.542@example.com,+92-346-3107779,Faisalabad,Silver,2024-02-14,True
C00543,Hamza,Khan,hamza.khan.543@example.com,+92-334-1954143,Islamabad,Bronze,2025-06-13,True
C00544,James,Ahmed,james.ahmed.544@example.com,+92-310-8396711,Islamabad,Bronze,2024-07-08,True
C00545,Arham,Garcia,arham.garcia.545@example.com,+92-307-4616081,Faisalabad,Silver,2025-10-07,True
C00546,Ibrahim,Davis,ibrahim.davis.546@example.com,+92-313-7193786,Karachi,Silver,2024-04-04,True
C00547,Daniel,Iqbal,daniel.iqbal.547@example.com,+92-313-1962166,Islamabad,Bronze,2026-05-20,True
C00548,Fatima,Shah,fatima.shah.548@example.com,+92-347-9860984,Multan,Gold,2025-07-11,True
C00549,Fatima,Ahmed,fatima.ahmed.549@example.com,+92-313-4893037,Faisalabad,Silver,2026-02-16,True
C00550,Hamza,Taylor,hamza.taylor.550@example.com,+92-342-7540614,Karachi,Silver,2025-03-17,True
C00551,Zoya,Iqbal,zoya.iqbal.551@example.com,+92-326-5621953,Karachi,Bronze,2025-06-20,True
C00552,Noah,Patel,noah.patel.552@example.com,+92-311-8835800,Rawalpindi,Bronze,2026-05-02,True
C00553,Ali,Iqbal,ali.iqbal.553@example.com,+92-304-2791942,Multan,Silver,2024-07-25,True
C00554,William,Ali,william.ali.554@example.com,+92-322-1187314,Faisalabad,Silver,2024-09-06,True
C00555,Aarav,Ali,aarav.ali.555@example.com,+92-324-1165010,Islamabad,Silver,2025-04-29,True
C00556,Noah,Garcia,noah.garcia.556@example.com,+92-307-6471043,Lahore,Bronze,2024-12-04,True
C00557,Arham,Wilson,arham.wilson.557@example.com,+92-325-9179408,Faisalabad,Bronze,2024-12-08,True
C00558,Daniel,Miller,daniel.miller.558@example.com,+92-326-5105107,Islamabad,Silver,2024-02-12,True
C00559,Hamza,Johnson,hamza.johnson.559@example.com,+92-343-5893558,Rawalpindi,Gold,2024-03-18,True
C00560,Arham,Patel,arham.patel.560@example.com,+92-344-7797662,Rawalpindi,Bronze,2024-12-26,True
C00561,Anaya,Ali,anaya.ali.561@example.com,+92-343-7925788,Karachi,Bronze,2024-03-29,True
C00562,Sara,Shah,sara.shah.562@example.com,+92-346-7288587,Lahore,Silver,2026-04-24,True
C00563,Ali,Martin,ali.martin.563@example.com,+92-328-8574875,Islamabad,Silver,2025-04-27,True
C00564,Fatima,Khan,fatima.khan.564@example.com,+92-344-8030673,Faisalabad,Bronze,2026-02-05,True
C00565,Hassan,Hussain,hassan.hussain.565@example.com,+92-330-9169680,Faisalabad,Bronze,2024-04-27,True
C00566,Aarav,Raza,aarav.raza.566@example.com,+92-336-9486072,Multan,Bronze,2024-07-08,True
C00567,Maryam,Wilson,maryam.wilson.567@example.com,+92-344-5334572,Lahore,Silver,2024-02-09,True
C00568,Rayan,Patel,rayan.patel.568@example.com,+92-333-1156437,Lahore,Gold,2025-06-06,True
C00569,Aarav,Davis,aarav.davis.569@example.com,+92-311-8424313,Faisalabad,Silver,2025-04-11,True
C00570,Daniel,Raza,daniel.raza.570@example.com,+92-312-4409446,Faisalabad,Silver,2025-10-21,True
C00571,Adam,Miller,adam.miller.571@example.com,+92-312-7768351,Lahore,Bronze,2025-04-13,True
C00572,Liam,Robinson,liam.robinson.572@example.com,+92-316-2139226,Karachi,Bronze,2024-02-09,True
C00573,Maham,Johnson,maham.johnson.573@example.com,+92-345-9050572,Multan,Silver,2025-02-15,True
C00574,Daniel,Taylor,daniel.taylor.574@example.com,+92-344-6508316,Rawalpindi,Gold,2025-05-26,True
C00575,Sara,Garcia,sara.garcia.575@example.com,+92-303-1365049,Islamabad,Bronze,2025-05-09,True
C00576,Maya,Davis,maya.davis.576@example.com,+92-320-7892875,Karachi,Gold,2025-06-22,True
C00577,William,Ali,william.ali.577@example.com,+92-337-5795180,Rawalpindi,Bronze,2026-04-17,True
C00578,Ibrahim,Brown,ibrahim.brown.578@example.com,+92-344-7070264,Multan,Bronze,2024-08-16,True
C00579,William,Iqbal,william.iqbal.579@example.com,+92-338-2104435,Faisalabad,Gold,2024-09-04,True
C00580,Sara,Garcia,sara.garcia.580@example.com,+92-303-4158349,Islamabad,Silver,2025-01-01,True
C00581,Omar,Miller,omar.miller.581@example.com,+92-320-7800889,Karachi,Silver,2024-03-28,True
C00582,Emma,Shah,emma.shah.582@example.com,+92-347-6926455,Islamabad,Bronze,2024-08-10,True
C00583,Olivia,Khan,olivia.khan.583@example.com,+92-326-3694071,Islamabad,Bronze,2025-12-18,True
C00584,Maham,Malik,maham.malik.584@example.com,+92-335-9118570,Karachi,Silver,2024-07-09,True
C00585,John,Robinson,john.robinson.585@example.com,+92-326-9515589,Faisalabad,Gold,2024-10-12,True
C00586,Arham,Martin,arham.martin.586@example.com,+92-339-3401077,Lahore,Gold,2024-10-30,True
C00587,Zoya,Ali,zoya.ali.587@example.com,+92-318-6760642,Lahore,Bronze,2025-05-18,True
C00588,Adam,Martin,adam.martin.588@example.com,+92-300-5127466,Lahore,Silver,2025-04-30,True
C00589,Adam,Shah,adam.shah.589@example.com,+92-304-4352864,Rawalpindi,Silver,2026-03-24,True
C00590,Hamza,Martin,hamza.martin.590@example.com,+92-337-5712877,Karachi,Silver,2024-10-21,True
C00591,Aarav,Taylor,aarav.taylor.591@example.com,+92-345-6892793,Islamabad,Silver,2024-02-08,True
C00592,Ibrahim,Smith,ibrahim.smith.592@example.com,+92-338-7111608,Karachi,Bronze,2024-10-10,False
C00593,Maya,Martin,maya.martin.593@example.com,+92-321-9928044,Rawalpindi,Bronze,2024-01-03,True
C00594,Usman,Shah,usman.shah.594@example.com,+92-319-3574898,Karachi,Bronze,2024-06-28,True
C00595,Emma,Davis,emma.davis.595@example.com,+92-320-3737474,Faisalabad,Bronze,2025-02-20,True
C00596,Aisha,Shah,aisha.shah.596@example.com,+92-331-6472045,Rawalpindi,Silver,2025-01-05,True
C00597,Ibrahim,Miller,ibrahim.miller.597@example.com,+92-301-8286548,Multan,Bronze,2025-03-03,True
C00598,Sara,Malik,sara.malik.598@example.com,+92-346-4101740,Rawalpindi,Bronze,2025-09-22,True
C00599,Maham,Ali,maham.ali.599@example.com,+92-325-7499830,Multan,Bronze,2025-05-05,True
C00600,Adam,Wilson,adam.wilson.600@example.com,+92-323-1842468,Islamabad,Silver,2025-10-23,True
C00601,Olivia,Robinson,olivia.robinson.601@example.com,+92-321-8648554,Karachi,Bronze,2024-06-01,True
C00602,Aarav,Smith,aarav.smith.602@example.com,+92-344-8617279,Islamabad,Bronze,2025-01-30,True
C00603,Hamza,Martin,hamza.martin.603@example.com,+92-321-7664311,Multan,Silver,2025-08-24,True
C00604,Zoya,Malik,zoya.malik.604@example.com,+92-319-2021370,Karachi,Bronze,2024-03-16,True
C00605,Hassan,Davis,hassan.davis.605@example.com,+92-308-9426769,Faisalabad,Bronze,2024-01-10,True
C00606,Emma,Taylor,emma.taylor.606@example.com,+92-339-4755399,Rawalpindi,Silver,2025-08-02,True
C00607,Sophia,Malik,sophia.malik.607@example.com,+92-320-6508192,Rawalpindi,Bronze,2025-12-20,True
C00608,Adam,Raza,adam.raza.608@example.com,+92-342-4896994,Lahore,Silver,2026-01-12,True
C00609,John,Hussain,john.hussain.609@example.com,+92-341-5451061,Islamabad,Bronze,2025-01-24,True
C00610,Amna,Garcia,amna.garcia.610@example.com,+92-320-4643681,Lahore,Bronze,2023-12-15,True
C00611,Noah,Hussain,noah.hussain.611@example.com,+92-313-9202880,Islamabad,Bronze,2025-09-08,True
C00612,Emma,Martin,emma.martin.612@example.com,+92-309-8704951,Lahore,Silver,2026-03-03,True
C00613,Aarav,Garcia,aarav.garcia.613@example.com,+92-301-9630175,Rawalpindi,Silver,2026-05-11,True
C00614,Noah,Taylor,noah.taylor.614@example.com,+92-321-6067703,Karachi,Bronze,2026-03-14,True
C00615,Aisha,Martin,aisha.martin.615@example.com,+92-312-7536495,Multan,Silver,2026-02-03,True
C00616,Rayan,Smith,rayan.smith.616@example.com,+92-326-5970540,Multan,Bronze,2024-09-11,False
C00617,Fatima,Wilson,fatima.wilson.617@example.com,+92-342-2453540,Multan,Silver,2024-08-19,True
C00618,Ibrahim,Ali,ibrahim.ali.618@example.com,+92-343-3348503,Islamabad,Bronze,2026-05-05,True
C00619,Zoya,Miller,zoya.miller.619@example.com,+92-345-2588564,Rawalpindi,Bronze,2025-12-15,True
C00620,Aarav,Khan,aarav.khan.620@example.com,+92-346-1972672,Rawalpindi,Silver,2025-04-16,True
C00621,Olivia,Ali,olivia.ali.621@example.com,+92-316-2889359,Rawalpindi,Silver,2025-01-30,True
C00622,Ibrahim,Shah,ibrahim.shah.622@example.com,+92-347-2855659,Multan,Gold,2025-10-03,True
C00623,Maryam,Khan,maryam.khan.623@example.com,+92-300-5750397,Islamabad,Gold,2025-02-17,True
C00624,Zara,Brown,zara.brown.624@example.com,+92-344-9935287,Islamabad,Bronze,2026-04-05,True
C00625,Maham,Lee,maham.lee.625@example.com,+92-323-9682843,Karachi,Silver,2024-12-07,True
C00626,Aarav,Smith,aarav.smith.626@example.com,+92-340-7823434,Lahore,Bronze,2025-06-12,True
C00627,Maham,Khan,maham.khan.627@example.com,+92-312-9708458,Multan,Bronze,2024-12-12,True
C00628,Aisha,Malik,aisha.malik.628@example.com,+92-310-8075906,Multan,Bronze,2024-05-08,True
C00629,Sophia,Martin,sophia.martin.629@example.com,+92-346-4025757,Faisalabad,Bronze,2024-12-13,True
C00630,Daniel,Iqbal,daniel.iqbal.630@example.com,+92-342-1595190,Multan,Bronze,2025-10-13,True
C00631,William,Taylor,william.taylor.631@example.com,+92-304-3120950,Rawalpindi,Silver,2024-01-20,True
C00632,Hamza,Miller,hamza.miller.632@example.com,+92-306-2779860,Islamabad,Bronze,2025-11-21,True
C00633,James,Garcia,james.garcia.633@example.com,+92-332-4986667,Lahore,Gold,2025-09-29,True
C00634,Omar,Patel,omar.patel.634@example.com,+92-334-6202447,Faisalabad,Bronze,2026-05-02,True
C00635,Daniel,Smith,daniel.smith.635@example.com,+92-345-2984047,Lahore,Silver,2024-03-19,True
C00636,Hania,Miller,hania.miller.636@example.com,+92-307-8840960,Lahore,Gold,2025-09-12,True
C00637,Maham,Johnson,maham.johnson.637@example.com,+92-304-9042196,Islamabad,Bronze,2024-02-11,True
C00638,Sophia,Martin,sophia.martin.638@example.com,+92-323-6923439,Lahore,Bronze,2024-11-29,True
C00639,Aisha,Johnson,aisha.johnson.639@example.com,+92-340-4803023,Multan,Silver,2025-01-16,False
C00640,Sophia,Iqbal,sophia.iqbal.640@example.com,+92-321-2226859,Rawalpindi,Bronze,2025-01-11,True
C00641,Daniel,Robinson,daniel.robinson.641@example.com,+92-301-4216190,Multan,Silver,2025-06-24,True
C00642,Adam,Lee,adam.lee.642@example.com,+92-331-6142997,Karachi,Bronze,2025-02-16,True
C00643,Rayan,Khan,rayan.khan.643@example.com,+92-308-4202904,Karachi,Bronze,2024-03-18,True
C00644,Olivia,Hussain,olivia.hussain.644@example.com,+92-348-1863544,Lahore,Silver,2026-02-08,True
C00645,Rayan,Taylor,rayan.taylor.645@example.com,+92-346-9808180,Rawalpindi,Bronze,2025-02-02,True
C00646,Adam,Patel,adam.patel.646@example.com,+92-303-8970494,Multan,Bronze,2025-05-16,True
C00647,Hassan,Patel,hassan.patel.647@example.com,+92-336-5941502,Rawalpindi,Bronze,2026-04-10,True
C00648,Rayan,Shah,rayan.shah.648@example.com,+92-300-8725593,Lahore,Bronze,2024-12-18,True
C00649,James,Wilson,james.wilson.649@example.com,+92-302-9421262,Lahore,Silver,2024-07-16,True
C00650,Amna,Johnson,amna.johnson.650@example.com,+92-302-2276302,Faisalabad,Bronze,2024-07-15,True
C00651,Adam,Johnson,adam.johnson.651@example.com,+92-339-5793201,Islamabad,Bronze,2025-06-17,True
C00652,Olivia,Ali,olivia.ali.652@example.com,+92-340-5455971,Multan,Bronze,2025-03-21,True
C00653,Maham,Shah,maham.shah.653@example.com,+92-305-1286738,Rawalpindi,Silver,2024-03-14,True
C00654,Daniel,Taylor,daniel.taylor.654@example.com,+92-327-3387183,Islamabad,Bronze,2025-06-14,True
C00655,Hania,Garcia,hania.garcia.655@example.com,+92-334-1324862,Lahore,Gold,2025-05-03,True
C00656,Ibrahim,Wilson,ibrahim.wilson.656@example.com,+92-302-9305488,Faisalabad,Bronze,2025-03-04,True
C00657,Adam,Shah,adam.shah.657@example.com,+92-342-2056881,Islamabad,Bronze,2024-12-18,True
C00658,Adam,Garcia,adam.garcia.658@example.com,+92-324-1924089,Faisalabad,Bronze,2024-07-05,True
C00659,Ibrahim,Malik,ibrahim.malik.659@example.com,+92-306-9348926,Islamabad,Bronze,2024-02-24,True
C00660,Usman,Miller,usman.miller.660@example.com,+92-319-1399877,Karachi,Bronze,2025-12-25,True
C00661,Maya,Johnson,maya.johnson.661@example.com,+92-301-4468617,Islamabad,Bronze,2026-04-19,True
C00662,Usman,Malik,usman.malik.662@example.com,+92-345-3197045,Lahore,Gold,2025-08-01,True
C00663,Hamza,Patel,hamza.patel.663@example.com,+92-319-8651368,Karachi,Bronze,2026-03-04,True
C00664,James,Ali,james.ali.664@example.com,+92-329-1132164,Rawalpindi,Silver,2024-07-01,True
C00665,Maham,Shah,maham.shah.665@example.com,+92-325-9824997,Multan,Bronze,2025-06-17,True
C00666,Maryam,Garcia,maryam.garcia.666@example.com,+92-304-3438026,Faisalabad,Silver,2026-01-22,True
C00667,Liam,Davis,liam.davis.667@example.com,+92-308-5768654,Lahore,Bronze,2024-10-15,True
C00668,Rayan,Miller,rayan.miller.668@example.com,+92-332-4190378,Karachi,Bronze,2025-03-12,True
C00669,Hamza,Brown,hamza.brown.669@example.com,+92-318-7447216,Karachi,Silver,2025-02-06,True
C00670,Rayan,Ahmed,rayan.ahmed.670@example.com,+92-337-4512172,Rawalpindi,Bronze,2025-03-17,True
C00671,Anaya,Raza,anaya.raza.671@example.com,+92-322-1701494,Karachi,Gold,2025-12-11,True
C00672,Emma,Khan,emma.khan.672@example.com,+92-316-1909813,Multan,Bronze,2025-12-04,True
C00673,William,Iqbal,william.iqbal.673@example.com,+92-339-4818393,Faisalabad,Bronze,2024-03-17,True
C00674,Hassan,Johnson,hassan.johnson.674@example.com,+92-330-1172794,Karachi,Silver,2026-01-03,True
C00675,Maryam,Khan,maryam.khan.675@example.com,+92-300-1048044,Rawalpindi,Bronze,2025-06-21,True
C00676,Zoya,Johnson,zoya.johnson.676@example.com,+92-307-2294661,Multan,Bronze,2026-03-19,True
C00677,Maham,Robinson,maham.robinson.677@example.com,+92-341-2062659,Karachi,Bronze,2026-01-06,True
C00678,Adam,Martin,adam.martin.678@example.com,+92-301-3380129,Islamabad,Gold,2024-04-24,True
C00679,Daniel,Ali,daniel.ali.679@example.com,+92-327-5534320,Islamabad,Bronze,2024-05-10,True
C00680,Hania,Miller,hania.miller.680@example.com,+92-335-4062959,Karachi,Silver,2024-05-02,True
C00681,Adam,Khan,adam.khan.681@example.com,+92-321-8352042,Rawalpindi,Gold,2025-07-06,True
C00682,Adam,Davis,adam.davis.682@example.com,+92-314-2903592,Multan,Bronze,2026-02-16,True
C00683,Usman,Raza,usman.raza.683@example.com,+92-324-8263223,Islamabad,Bronze,2025-07-12,True
C00684,Liam,Raza,liam.raza.684@example.com,+92-321-5088789,Karachi,Silver,2024-01-14,True
C00685,John,Brown,john.brown.685@example.com,+92-341-9178741,Multan,Silver,2024-04-23,True
C00686,James,Garcia,james.garcia.686@example.com,+92-321-1584212,Rawalpindi,Bronze,2024-12-07,True
C00687,Daniel,Iqbal,daniel.iqbal.687@example.com,+92-320-5463652,Islamabad,Bronze,2026-01-10,True
C00688,Sophia,Hussain,sophia.hussain.688@example.com,+92-309-8983547,Faisalabad,Silver,2024-05-01,True
C00689,Fatima,Taylor,fatima.taylor.689@example.com,+92-343-5157664,Rawalpindi,Gold,2026-02-13,True
C00690,Usman,Hussain,usman.hussain.690@example.com,+92-302-7582532,Islamabad,Silver,2025-10-18,True
C00691,Aarav,Brown,aarav.brown.691@example.com,+92-304-1705469,Islamabad,Silver,2025-02-27,True
C00692,Hamza,Miller,hamza.miller.692@example.com,+92-342-4179994,Karachi,Bronze,2025-10-27,True
C00693,Arham,Martin,arham.martin.693@example.com,+92-334-4010029,Faisalabad,Bronze,2024-10-22,True
C00694,Ibrahim,Khan,ibrahim.khan.694@example.com,+92-337-7888207,Lahore,Bronze,2025-03-09,True
C00695,Maryam,Smith,maryam.smith.695@example.com,+92-324-2522827,Rawalpindi,Silver,2026-03-08,True
C00696,Omar,Robinson,omar.robinson.696@example.com,+92-344-3229658,Islamabad,Bronze,2025-05-18,True
C00697,Anaya,Miller,anaya.miller.697@example.com,+92-317-7783397,Islamabad,Bronze,2026-04-02,True
C00698,Omar,Patel,omar.patel.698@example.com,+92-342-2516593,Rawalpindi,Bronze,2024-09-25,True
C00699,Ali,Garcia,ali.garcia.699@example.com,+92-331-9085831,Karachi,Silver,2025-04-23,True
C00700,Zara,Hussain,zara.hussain.700@example.com,+92-303-5709640,Multan,Silver,2024-02-07,True
C00701,Zoya,Malik,zoya.malik.701@example.com,+92-330-2551284,Faisalabad,Silver,2024-04-21,True
C00702,Hamza,Patel,hamza.patel.702@example.com,+92-334-2761719,Karachi,Bronze,2025-01-27,True
C00703,James,Robinson,james.robinson.703@example.com,+92-330-2976624,Multan,Silver,2024-10-20,True
C00704,Zoya,Lee,zoya.lee.704@example.com,+92-306-4470654,Lahore,Silver,2025-05-23,True
C00705,Ibrahim,Ali,ibrahim.ali.705@example.com,+92-342-3243970,Faisalabad,Bronze,2024-02-15,True
C00706,Adam,Davis,adam.davis.706@example.com,+92-308-9625443,Multan,Silver,2026-04-18,True
C00707,Maham,Smith,maham.smith.707@example.com,+92-340-8893423,Multan,Silver,2025-03-04,True
C00708,Noah,Taylor,noah.taylor.708@example.com,+92-313-2449332,Multan,Bronze,2026-01-27,True
C00709,Maryam,Taylor,maryam.taylor.709@example.com,+92-335-1215088,Lahore,Gold,2024-10-14,True
C00710,Maryam,Iqbal,maryam.iqbal.710@example.com,+92-329-6112825,Faisalabad,Silver,2026-01-31,True
C00711,Maya,Patel,maya.patel.711@example.com,+92-346-7627179,Karachi,Silver,2024-09-30,True
C00712,Zara,Lee,zara.lee.712@example.com,+92-334-3835766,Rawalpindi,Gold,2024-10-10,True
C00713,Sara,Martin,sara.martin.713@example.com,+92-338-3031951,Lahore,Gold,2025-10-31,True
C00714,Liam,Ahmed,liam.ahmed.714@example.com,+92-330-5974445,Karachi,Silver,2025-12-24,True
C00715,James,Martin,james.martin.715@example.com,+92-339-6661212,Faisalabad,Bronze,2025-07-28,True
C00716,Arham,Patel,arham.patel.716@example.com,+92-328-4364412,Islamabad,Bronze,2026-02-25,True
C00717,Aarav,Davis,aarav.davis.717@example.com,+92-349-4133688,Rawalpindi,Silver,2025-02-19,True
C00718,Olivia,Hussain,olivia.hussain.718@example.com,+92-319-4716125,Multan,Bronze,2024-12-09,True
C00719,Olivia,Hussain,olivia.hussain.719@example.com,+92-309-4728290,Faisalabad,Silver,2024-01-17,True
C00720,Maham,Robinson,maham.robinson.720@example.com,+92-308-9833201,Lahore,Bronze,2026-03-06,True
C00721,Arham,Miller,arham.miller.721@example.com,+92-346-7164098,Multan,Bronze,2024-05-31,True
C00722,Sara,Patel,sara.patel.722@example.com,+92-329-2793353,Karachi,Gold,2026-05-18,True
C00723,Ibrahim,Martin,ibrahim.martin.723@example.com,+92-307-9904665,Multan,Silver,2025-05-21,True
C00724,Amna,Smith,amna.smith.724@example.com,+92-340-4491002,Faisalabad,Bronze,2026-04-30,True
C00725,John,Taylor,john.taylor.725@example.com,+92-342-8299330,Rawalpindi,Gold,2025-02-23,True
C00726,Anaya,Ahmed,anaya.ahmed.726@example.com,+92-301-3472354,Multan,Silver,2024-06-07,True
C00727,Zoya,Khan,zoya.khan.727@example.com,+92-306-4474613,Karachi,Bronze,2024-05-08,True
C00728,Aisha,Iqbal,aisha.iqbal.728@example.com,+92-329-1034391,Islamabad,Bronze,2025-10-30,False
C00729,Fatima,Khan,fatima.khan.729@example.com,+92-300-6098959,Lahore,Silver,2026-02-21,True
C00730,Emma,Khan,emma.khan.730@example.com,+92-320-6071672,Multan,Silver,2025-08-18,True
C00731,Hassan,Wilson,hassan.wilson.731@example.com,+92-307-8746397,Islamabad,Bronze,2025-09-26,True
C00732,Noah,Taylor,noah.taylor.732@example.com,+92-317-3496965,Rawalpindi,Bronze,2024-01-06,True
C00733,John,Martin,john.martin.733@example.com,+92-342-1402619,Faisalabad,Silver,2024-10-24,True
C00734,Zoya,Ali,zoya.ali.734@example.com,+92-302-2541850,Karachi,Bronze,2024-03-07,True
C00735,Daniel,Johnson,daniel.johnson.735@example.com,+92-321-3874742,Rawalpindi,Bronze,2024-01-06,True
C00736,Aarav,Malik,aarav.malik.736@example.com,+92-340-9261502,Lahore,Bronze,2026-04-19,True
C00737,Liam,Malik,liam.malik.737@example.com,+92-345-3900387,Multan,Silver,2025-04-12,True
C00738,William,Brown,william.brown.738@example.com,+92-309-2377079,Lahore,Bronze,2025-01-11,True
C00739,Zoya,Iqbal,zoya.iqbal.739@example.com,+92-347-2355424,Faisalabad,Bronze,2025-09-21,True
C00740,Aisha,Khan,aisha.khan.740@example.com,+92-308-9372736,Multan,Bronze,2024-11-13,True
C00741,Aisha,Hussain,aisha.hussain.741@example.com,+92-323-2537060,Faisalabad,Bronze,2025-05-05,True
C00742,Sophia,Miller,sophia.miller.742@example.com,+92-342-4738486,Multan,Bronze,2025-12-17,True
C00743,Zara,Raza,zara.raza.743@example.com,+92-321-5550279,Rawalpindi,Bronze,2025-09-05,True
C00744,Rayan,Hussain,rayan.hussain.744@example.com,+92-303-9159243,Rawalpindi,Silver,2026-01-31,True
C00745,Maryam,Ahmed,maryam.ahmed.745@example.com,+92-327-2207518,Rawalpindi,Bronze,2024-10-11,True
C00746,Aarav,Garcia,aarav.garcia.746@example.com,+92-347-1416540,Lahore,Silver,2024-10-20,True
C00747,James,Robinson,james.robinson.747@example.com,+92-311-4841938,Karachi,Gold,2025-08-13,True
C00748,Maryam,Brown,maryam.brown.748@example.com,+92-307-8603055,Karachi,Silver,2026-03-19,True
C00749,Rayan,Miller,rayan.miller.749@example.com,+92-312-8959373,Lahore,Silver,2024-07-29,True
C00750,Arham,Brown,arham.brown.750@example.com,+92-335-8443205,Faisalabad,Silver,2025-04-02,True
